species_source	ID	Prediction_clustered	Protein description_clustered	description_clustered	bit_score_clustered	full_score_clustered	final_rank_score_clustered	full_evalue_clustered	virulence_literature_clustered	quantum_cluster	Prediction_review	Protein description_review	full_evalue_review	description_review	virulence_literature_review	bit_score_review	full_score_review	final_rank_score_review
xoo	WP_242505180.1	SP	RHS repeat-associated core domain-containing protein [Xanthomonas oryzae]	RHS	3564	184.0	3748.0	3.4e-55		0	SP	RHS repeat-associated core domain-containing protein [Xanthomonas oryzae]	3.4e-55	RHS		3564	184.0	3748.0
xoo	WP_012444473.1	OTHER	DUF6531 domain-containing protein [Xanthomonas oryzae]	RHS	3232	236.7	3468.7	1e-71		0	OTHER	DUF6531 domain-containing protein [Xanthomonas oryzae]	1e-71	RHS		3232	236.7	3468.7
xoo	WP_129215632.1	OTHER	RHS repeat-associated core domain-containing protein [Xanthomonas oryzae]	RHS	2918	243.8	3161.8	5.800000000000001e-74		0	OTHER	RHS repeat-associated core domain-containing protein [Xanthomonas oryzae]	5.800000000000001e-74	RHS		2918	243.8	3161.8
grape	WP_232350932.1	OTHER	zeta toxin family protein [Xanthomonas citri]	Zeta	2552	189.2	2741.2	7.9999999999999985e-56		0	OTHER	zeta toxin family protein [Xanthomonas citri]	7.9999999999999985e-56	Zeta		2552	189.2	2741.2
citrus	WP_045714871.1	OTHER	calcium-binding protein [Xanthomonas citri]	RTX	2508	210.7	2718.7	1.6e-63		0	OTHER	calcium-binding protein [Xanthomonas citri]	1.6e-63	RTX		2508	210.7	2718.7
pomegranate	WP_233700232.1	OTHER	LysM domain protein [Xanthomonas citri]	RHS	6556	579.0	7135.0	3.8e-179		1	OTHER	LysM domain protein [Xanthomonas citri]	3.8e-179	RHS		6556	579.0	7135.0
xoo	WP_129215608.1	OTHER	IPT/TIG domain-containing protein [Xanthomonas oryzae]	IPT/TIG	2791	35.9	2826.9	8.7e-09		1	OTHER	IPT/TIG domain-containing protein [Xanthomonas oryzae]	8.7e-09	IPT/TIG		2791	35.9	2826.9
citrus	WP_011052193.1	OTHER	hypothetical protein [Xanthomonas citri]		2652		2652.0			1	OTHER	hypothetical protein [Xanthomonas citri]				2652		2652.0
citrus	WP_052456244.1	OTHER	hypothetical protein [Xanthomonas citri]		2612		2612.0			1	OTHER	hypothetical protein [Xanthomonas citri]				2612		2612.0
xoo	WP_229002594.1	OTHER	RHS repeat domain-containing protein [Xanthomonas oryzae]	RHS	2342	198.5	2540.5	1e-59		1	OTHER	RHS repeat domain-containing protein [Xanthomonas oryzae]	1e-59	RHS		2342	198.5	2540.5
xoo	WP_129215671.1	OTHER	T6SS effector BTH_I2691 family protein [Xanthomonas oryzae]	VasX	1954	134.0	2088.0	7e-39	possible_virulence	2	OTHER	T6SS effector BTH_I2691 family protein [Xanthomonas oryzae]	7e-39	VasX	possible_virulence	1954	134.0	2088.0
xoo	WP_129215596.1	OTHER	T6SS effector BTH_I2691 family protein [Xanthomonas oryzae]	VasX	1943	142.8	2085.8	1.3999999999999998e-41	possible_virulence	2	OTHER	T6SS effector BTH_I2691 family protein [Xanthomonas oryzae]	1.3999999999999998e-41	VasX	possible_virulence	1943	142.8	2085.8
xoo	WP_129215587.1	OTHER	T6SS effector BTH_I2691 family protein [Xanthomonas oryzae]	VasX	1943	142.6	2085.6	1.5e-41	possible_virulence	2	OTHER	T6SS effector BTH_I2691 family protein [Xanthomonas oryzae]	1.5e-41	VasX	possible_virulence	1943	142.6	2085.6
citrus	WP_052690681.1	OTHER	putative Ig domain-containing protein [Xanthomonas citri]	Putative	1596	167.2	1763.2	1.3e-49		2	OTHER	putative Ig domain-containing protein [Xanthomonas citri]	1.3e-49	Putative		1596	167.2	1763.2
grape	WP_033485020.1	OTHER	type IV secretion system protein [Xanthomonas citri]	TrbL/VirB6	721	128.8	849.8	3.6e-37	possible_virulence	3	OTHER	type IV secretion system protein [Xanthomonas citri]	3.6e-37	TrbL/VirB6	possible_virulence	721	128.8	849.8
grape	WP_033485945.1	OTHER	MULTISPECIES: type IV secretion system protein [Xanthomonas]	TrbL/VirB6	722	126.0	848.0	2.7e-36	possible_virulence	3	OTHER	MULTISPECIES: type IV secretion system protein [Xanthomonas]	2.7e-36	TrbL/VirB6	possible_virulence	722	126.0	848.0
grape	WP_080715265.1	OTHER	serine/threonine-protein kinase [Xanthomonas citri]	Protein	620	124.6	744.6	6.5e-36		3	OTHER	serine/threonine-protein kinase [Xanthomonas citri]	6.5e-36	Protein		620	124.6	744.6
