ID	Protein description	Prediction	OTHER	SP(Sec/SPI)	LIPO(Sec/SPII)	TAT(Tat/SPI)	TATLIPO(Tat/SPII)	PILIN(Sec/SPIII)	CS Position	percent_identity	alignment_length	mismatches	gap_opens	query_start	query_end	subject_start	subject_end	evalue	bit_score	target_name	target_accession	query_accession	full_evalue	full_score	full_bias	best1_evalue	best1_score	best1_bias	exp	reg	clu	ov	env	dom	rep	inc	description	virulence_literature	T3E_secreted_evidence	species_source
WP_011050083.1	MULTISPECIES: IS4-like element ISXac1 family transposase [Gammaproteobacteria]	OTHER	1.0	0.0	0.0	0.0	0.0	0.0		100.0	404	0	0	1	404	1	404	0.0	805.0	DDE_Tnp_1	PF01609.28	-	8.799999999999999e-24	85.0	0.4	4.900000000000001e-22	79.3	0.0	2.2	2.0	0.0	0.0	2.0	2.0	2.0	2.0	Transposase			citrus
WP_011050550.1	MULTISPECIES: esterase/lipase family protein [Xanthomonas]	LIPO	1e-06	9e-06	1.0	0.0	0.0	0.0	CS pos: 25-26. Pr: 0.9958	100.0	664	0	0	1	664	1	664	0.0	1345.0																					citrus
WP_011051229.1	IS4-like element ISXac1 family transposase [Xanthomonas citri]	OTHER	1.0	0.0	0.0	0.0	0.0	0.0		100.0	404	0	0	1	404	1	404	0.0	805.0	DDE_Tnp_1	PF01609.28	-	7.499999999999999e-24	85.2	0.5	4.1000000000000004e-22	79.5	0.0	2.2	2.0	0.0	0.0	2.0	2.0	2.0	2.0	Transposase			citrus
WP_011051385.1	MULTISPECIES: helix-turn-helix domain-containing protein [Xanthomonas]	OTHER	0.999405	0.000588	3.1e-05	3e-06	1e-06	1e-05		100.0	98	0	0	1	98	1	98	5.4900000000000006e-70	196.0	HTH_3	PF01381.29	-	1.1e-09	38.8	0.0	1.7e-09	38.1	0.0	1.3	1.0	0.0	0.0	1.0	1.0	1.0	1.0	Helix-turn-helix			citrus
WP_011051389.1	MULTISPECIES: helix-turn-helix transcriptional regulator [Xanthomonas]	OTHER	1.0	0.0	0.0	0.0	0.0	0.0		100.0	120	0	0	1	120	1	120	8.82e-87	240.0	Phage_AlpA	PF05930.19	-	1.9e-12	47.4	1.0	2.9e-12	46.8	0.5	1.6	2.0	0.0	0.0	2.0	2.0	2.0	1.0	Prophage			citrus
WP_011051413.1	MULTISPECIES: AlpA family transcriptional regulator [Xanthomonas]	OTHER	1.0	0.0	0.0	0.0	0.0	0.0		100.0	75	0	0	1	75	1	75	6.7e-54	153.0	Phage_AlpA	PF05930.19	-	8.700000000000001e-22	77.3	0.5	1e-21	77.1	0.5	1.1	1.0	0.0	0.0	1.0	1.0	1.0	1.0	Prophage			citrus
WP_011051633.1	MULTISPECIES: hypothetical protein [Xanthomonas]	OTHER	1.0	0.0	0.0	0.0	0.0	0.0		100.0	216	0	0	1	216	1	216	4.46e-161	436.0																					citrus
WP_011051752.1	MULTISPECIES: type IV pilin protein [Xanthomonas]	PILIN	0.038852	0.000307	7.1e-05	5e-06	2e-06	0.960763	CS pos: 12-13. Pr: 0.6801	100.0	143	0	0	1	143	1	143	1.14e-105	290.0	ComP_DUS	PF16732.11	-	5.8e-18	66.1	7.0	8e-18	65.7	7.0	1.1	1.0	0.0	0.0	1.0	1.0	1.0	1.0	Type			citrus
WP_011051975.1	MULTISPECIES: RebB family R body protein [Xanthomonas]	OTHER	0.999714	0.000301	4e-06	1e-06	1e-06	1e-06		100.0	97	0	0	1	97	1	97	3.96e-67	188.0	RebB	PF11747.14	-	4.7000000000000005e-28	97.8	16.1	7e-28	97.2	16.1	1.3	1.0	0.0	0.0	1.0	1.0	1.0	1.0	Killing			citrus
WP_011051976.1	MULTISPECIES: RebB family R body protein [Xanthomonas]	OTHER	0.999844	0.000185	2e-06	1e-06	0.0	1e-06		100.0	89	0	0	1	89	1	89	8.25e-61	172.0	RebB	PF11747.14	-	2.3000000000000003e-28	98.7	15.3	3e-28	98.4	15.3	1.1	1.0	0.0	0.0	1.0	1.0	1.0	1.0	Killing			citrus
WP_011051977.1	MULTISPECIES: RebB family R body protein [Xanthomonas]	OTHER	1.0	1e-06	0.0	0.0	0.0	0.0		100.0	88	0	0	1	88	1	88	3.77e-60	170.0	RebB	PF11747.14	-	1e-27	96.6	13.6	1.3e-27	96.3	13.6	1.1	1.0	0.0	0.0	1.0	1.0	1.0	1.0	Killing			citrus
WP_011051978.1	MULTISPECIES: RebB family R body protein [Xanthomonas]	OTHER	1.0	2.5e-05	0.0	0.0	0.0	0.0		100.0	92	0	0	1	92	1	92	2.44e-64	181.0	RebB	PF11747.14	-	1.1000000000000002e-28	99.7	12.6	1.4000000000000001e-28	99.4	12.6	1.2	1.0	0.0	0.0	1.0	1.0	1.0	1.0	Killing			citrus
WP_011051980.1	MULTISPECIES: RebB family R body protein [Xanthomonas]	OTHER	0.616811	0.380965	0.001009	0.000384	0.000315	0.000503		100.0	81	0	0	1	81	1	81	4.73e-53	152.0	RebB	PF11747.14	-	2.1e-13	50.8	5.4	2.1e-13	50.8	5.4	1.6	1.0	1.0	1.0	2.0	2.0	2.0	1.0	Killing			citrus
WP_011052127.1	MULTISPECIES: pilin [Xanthomonas]	PILIN	0.011876	6.2e-05	2.2e-05	2e-06	1e-06	0.988061	CS pos: 6-7. Pr: 0.7378	100.0	146	0	0	1	146	1	146	6.92e-107	293.0	Pilin	PF00114.25	-	1.1e-21	78.4	9.3	1.2e-21	78.2	9.3	1.1	1.0	0.0	0.0	1.0	1.0	1.0	1.0	Pilin			citrus
WP_011052147.1	MULTISPECIES: XVIPCD domain-containing protein [Xanthomonas]	OTHER	1.0	0.0	0.0	0.0	0.0	0.0		100.0	861	0	0	1	861	1	861	0.0	1744.0	X-Tfes_XVIPCD	PF20410.4	-	1.9e-09	38.6	0.1	1.9e-09	38.6	0.1	3.0	3.0	0.0	0.0	3.0	3.0	3.0	1.0	X-Tfes,			citrus
WP_011052193.1	hypothetical protein [Xanthomonas citri]	OTHER	1.0	0.0	0.0	0.0	0.0	0.0		100.0	1334	0	0	1	1334	1	1334	0.0	2652.0																					citrus
WP_011052194.1	MULTISPECIES: hypothetical protein [Xanthomonas]	OTHER	1.0	0.0	0.0	0.0	0.0	0.0		100.0	216	0	0	1	216	1	216	2.5600000000000002e-160	434.0																					citrus
WP_011052963.1	MULTISPECIES: M48 family metalloprotease [Xanthomonas]	OTHER	1.0	1e-06	0.0	0.0	0.0	0.0		100.0	201	0	0	1	201	1	201	6.1999999999999996e-148	401.0	Peptidase_M48	PF01435.25	-	2.4e-09	37.9	1.3	2.8e-09	37.6	1.3	1.1	1.0	0.0	0.0	1.0	1.0	1.0	1.0	Peptidase			citrus
WP_011052998.1	MULTISPECIES: ParA family protein [Xanthomonas]	OTHER	1.0	0.0	0.0	0.0	0.0	0.0		100.0	255	0	0	1	255	1	255	0.0	522.0	AAA_31	PF13614.13	-	2.1999999999999996e-24	86.9	0.0	3.0999999999999997e-24	86.4	0.0	1.2	1.0	0.0	0.0	1.0	1.0	1.0	1.0	AAA			citrus
WP_015462607.1	MULTISPECIES: hypothetical protein [Xanthomonas]	OTHER	1.0	1e-06	0.0	0.0	0.0	0.0		100.0	102	0	0	1	102	14	115	2.09e-75	210.0																					citrus
WP_015463221.1	MULTISPECIES: ParA family protein [Xanthomonas]	OTHER	1.0	0.0	0.0	0.0	0.0	0.0		100.0	294	0	0	1	294	1	294	0.0	581.0	AAA_31	PF13614.13	-	1.7e-24	87.3	0.0	2.5999999999999996e-24	86.7	0.0	1.2	1.0	0.0	0.0	1.0	1.0	1.0	1.0	AAA			citrus
WP_015463244.1	MULTISPECIES: hypothetical protein [Xanthomonas]	OTHER	0.99976	0.000247	1.2e-05	1e-06	0.0	9e-06		100.0	250	0	0	1	250	1	250	0.0	505.0																					citrus
WP_015463430.1	MULTISPECIES: hypothetical protein [Xanthomonas]	OTHER	1.0	3e-06	0.0	0.0	0.0	0.0		100.0	258	0	0	1	258	1	258	0.0	511.0																					citrus
WP_015463457.1	MULTISPECIES: RebB family R body protein [Xanthomonas]	OTHER	1.0	7e-06	0.0	0.0	0.0	0.0		100.0	222	0	0	1	222	1	222	2.51e-143	391.0	RebB	PF11747.14	-	3.6e-15	56.5	8.1	3.6e-15	56.5	8.1	3.4	3.0	1.0	0.0	3.0	3.0	3.0	1.0	Killing			citrus
WP_015463526.1	MULTISPECIES: pilin [Xanthomonas]	PILIN	0.066901	0.00045	0.000112	1e-05	3e-06	0.932505	CS pos: 13-14. Pr: 0.6901	100.0	151	0	0	1	151	1	151	4.58e-112	306.0	Pilin	PF00114.25	-	5.6e-21	76.1	1.4	6.9e-21	75.8	1.4	1.1	1.0	0.0	0.0	1.0	1.0	1.0	1.0	Pilin			citrus
WP_015472080.1	helix-turn-helix transcriptional regulator [Xanthomonas citri]	OTHER	1.0	0.0	0.0	0.0	0.0	0.0		100.0	95	0	0	1	95	1	95	6.639999999999999e-69	193.0	Phage_AlpA	PF05930.19	-	9.7e-13	48.4	0.1	1.2e-12	48.1	0.1	1.2	1.0	0.0	0.0	1.0	1.0	1.0	1.0	Prophage			citrus
WP_045714871.1	calcium-binding protein [Xanthomonas citri]	OTHER	0.997729	0.002264	2.5e-05	5e-06	3e-06	1.3e-05		100.0	1315	0	0	1	1315	1	1315	0.0	2508.0	HemolysinCabind	PF00353.26	-	1.6e-63	210.7	252.2	2.6e-10	40.6	14.6	21.5	16.0	7.0	7.0	25.0	25.0	25.0	16.0	RTX			citrus
WP_052456244.1	hypothetical protein [Xanthomonas citri]	OTHER	1.0	0.0	0.0	0.0	0.0	0.0		100.0	1307	0	0	1	1307	1	1307	0.0	2612.0																					citrus
WP_052690681.1	putative Ig domain-containing protein [Xanthomonas citri]	OTHER	1.0	0.0	0.0	0.0	0.0	0.0		100.0	805	0	0	1	805	1	805	0.0	1596.0	He_PIG	PF05345.19	-	1.3e-49	167.2	23.7	3.6000000000000003e-22	79.2	0.8	5.0	5.0	0.0	0.0	5.0	5.0	5.0	3.0	Putative			citrus
WP_087943923.1	MULTISPECIES: IS3-like element ISXac2 family transposase [Xanthomonas]	OTHER	1.0	0.0	0.0	0.0	0.0	0.0		100.0	362	0	0	1	362	1	362	0.0	754.0	HTH_Tnp_1	PF01527.27	-	8.9e-23	80.9	0.5	2.4e-22	79.5	0.1	1.9	2.0	0.0	0.0	2.0	2.0	2.0	1.0	Transposase			citrus
WP_087943924.1	MULTISPECIES: IS3-like element ISXac4 family transposase [Xanthomonas]	OTHER	1.0	0.0	0.0	0.0	0.0	0.0		100.0	370	0	0	1	370	1	370	0.0	764.0	rve_3	PF13683.13	-	1.9e-21	76.2	0.1	5.6e-21	74.7	0.1	1.9	1.0	0.0	0.0	1.0	1.0	1.0	1.0	Integrase			citrus
WP_089504397.1	MULTISPECIES: IS3-like element ISXac2 family transposase [Xanthomonas]	OTHER	1.0	0.0	0.0	0.0	0.0	0.0		100.0	362	0	0	1	362	1	362	0.0	754.0	HTH_Tnp_1	PF01527.27	-	8.9e-23	80.9	0.5	2.4e-22	79.5	0.1	1.9	2.0	0.0	0.0	2.0	2.0	2.0	1.0	Transposase			citrus
WP_191589000.1	hypothetical protein [Xanthomonas citri]	OTHER	1.0	0.0	0.0	0.0	0.0	0.0		100.0	1224	0	0	1	1224	1	1224	0.0	2469.0																					citrus
WP_191589001.1	hypothetical protein [Xanthomonas citri]	OTHER	1.0	0.0	0.0	0.0	0.0	0.0		100.0	216	0	0	1	216	1	216	3.1100000000000003e-161	436.0																					citrus
WP_223293126.1	MULTISPECIES: IS3 family transposase [Xanthomonas]	OTHER	1.0	0.0	0.0	0.0	0.0	0.0		100.0	362	0	0	1	362	1	362	0.0	757.0	HTH_Tnp_1	PF01527.27	-	6.3999999999999995e-24	84.5	0.7	7.6e-23	81.1	0.0	2.3	2.0	0.0	0.0	2.0	2.0	2.0	1.0	Transposase			citrus
WP_223293138.1	MULTISPECIES: IS3 family transposase [Xanthomonas]	OTHER	1.0	0.0	0.0	0.0	0.0	0.0		100.0	377	0	0	1	377	1	377	0.0	779.0	rve_3	PF13683.13	-	1.8e-26	92.3	0.1	4.9999999999999996e-26	90.9	0.0	1.8	2.0	0.0	0.0	2.0	2.0	2.0	1.0	Integrase			citrus
WP_321824086.1	MULTISPECIES: helix-turn-helix domain-containing protein [Xanthomonas]	OTHER	1.0	0.0	0.0	0.0	0.0	0.0		100.0	65	0	0	1	65	1	65	6.51e-45	130.0	HTH_3	PF01381.29	-	6.5e-17	61.9	0.2	7e-17	61.8	0.2	1.0	1.0	0.0	0.0	1.0	1.0	1.0	1.0	Helix-turn-helix			citrus
WP_442712794.1	hypothetical protein [Xanthomonas citri]	OTHER	0.998229	0.001732	1.9e-05	7e-06	3e-06	5e-06		100.0	135	0	0	1	135	1	135	3.67e-100	275.0																					citrus
WP_442712798.1	IS3-like element ISXac2 family transposase [Xanthomonas citri]	OTHER	1.0	0.0	0.0	0.0	0.0	0.0		100.0	362	0	0	1	362	1	362	0.0	753.0	HTH_Tnp_1	PF01527.27	-	5.7e-23	81.5	0.7	2.4e-22	79.5	0.1	2.2	2.0	0.0	0.0	2.0	2.0	2.0	1.0	Transposase			citrus
WP_442712811.1	hypothetical protein [Xanthomonas citri]	OTHER	0.999961	8.6e-05	0.0	0.0	0.0	0.0		100.0	253	0	0	1	253	1	253	0.0	509.0																					citrus
WP_442712813.1	hypothetical protein [Xanthomonas citri]	SP	0.072356	0.926205	0.00053	0.000353	0.000272	0.000263	CS pos: 46-47. Pr: 0.4771	100.0	253	0	0	1	253	1	253	0.0	525.0																					citrus
WP_442712818.1	DUF7380 domain-containing protein [Xanthomonas citri]	OTHER	1.0	0.0	0.0	0.0	0.0	0.0		100.0	354	0	0	1	354	1	354	0.0	731.0	DUF7380	PF24098.2	-	1.2000000000000001e-30	107.3	0.1	1.9999999999999998e-30	106.5	0.1	1.3	1.0	0.0	0.0	1.0	1.0	1.0	1.0	Domain			citrus
WP_442712828.1	esterase/lipase family protein [Xanthomonas citri]	LIPO	0.087571	0.352378	0.559235	0.000328	0.000241	0.000239	CS pos: 10-11. Pr: 0.5220	100.0	627	0	0	1	627	1	627	0.0	1285.0	Abhydrolase_6	PF12697.14	-	1.7e-07	32.7	2.2	1.7e-07	32.7	2.2	2.2	2.0	0.0	0.0	2.0	2.0	2.0	1.0	Alpha/beta			citrus
WP_442712838.1	hypothetical protein [Xanthomonas citri]	OTHER	1.0	0.0	0.0	0.0	0.0	0.0		100.0	115	0	0	1	115	1	115	5.35e-86	238.0																					citrus
WP_442712840.1	ParA family protein [Xanthomonas citri]	OTHER	1.0	1e-06	0.0	0.0	0.0	0.0		100.0	274	0	0	1	274	1	274	0.0	563.0	AAA_31	PF13614.13	-	5.600000000000001e-22	79.0	0.0	8.6e-22	78.5	0.0	1.2	1.0	0.0	0.0	1.0	1.0	1.0	1.0	AAA			citrus
WP_442712845.1	hypothetical protein [Xanthomonas citri]	OTHER	0.999985	1.5e-05	0.0	0.0	0.0	0.0		100.0	95	0	0	1	95	1	95	2.9400000000000004e-66	186.0	DUF4118	PF13493.12	-	2.5e-06	27.8	0.9	3.6e-06	27.3	0.9	1.2	1.0	0.0	0.0	1.0	1.0	1.0	1.0	Domain			citrus
WP_442712846.1	hypothetical protein [Xanthomonas citri]	OTHER	1.0	0.0	0.0	0.0	0.0	0.0		100.0	69	0	0	1	69	34	102	4.25e-50	144.0																					citrus
WP_005924051.1	serine/threonine-protein kinase [Xanthomonas citri]	OTHER	1.0	0.0	0.0	0.0	0.0	0.0		100.0	350	0	0	1	350	1	350	0.0	723.0	Pkinase	PF00069.32	-	8.8e-43	147.2	0.0	1.2e-42	146.7	0.0	1.1	1.0	0.0	0.0	1.0	1.0	1.0	1.0	Protein			grape
WP_033485020.1	type IV secretion system protein [Xanthomonas citri]	OTHER	1.0	3e-06	0.0	0.0	0.0	0.0		100.0	360	0	0	1	360	1	360	0.0	721.0	TrbL	PF04610.20	-	3.6e-37	128.8	21.6	6.2e-37	128.0	21.6	1.4	1.0	0.0	0.0	1.0	1.0	1.0	1.0	TrbL/VirB6	possible_virulence		grape
WP_033485021.1	hypothetical protein [Xanthomonas citri]	OTHER	1.0	0.0	0.0	0.0	0.0	0.0		100.0	144	0	0	1	144	1	144	1.02e-105	289.0																					grape
WP_033485033.1	P-type DNA transfer protein VirB5 [Xanthomonas citri]	SP	0.000254	0.999097	0.000175	0.000164	0.000147	0.000137	CS pos: 21-22. Pr: 0.9692	100.0	236	0	0	1	236	1	236	1.45e-180	486.0	T4SS	PF07996.17	-	1.6000000000000002e-65	221.8	14.0	1.9e-65	221.6	14.0	1.0	1.0	0.0	0.0	1.0	1.0	1.0	1.0	Type			grape
WP_033485481.1	helix-turn-helix domain-containing protein [Xanthomonas citri]	OTHER	1.0	0.0	0.0	0.0	0.0	0.0		100.0	389	0	0	1	389	1	389	0.0	796.0	Peptidase_M78	PF06114.20	-	1.7e-21	76.9	0.1	3.8e-21	75.7	0.1	1.6	2.0	0.0	0.0	2.0	2.0	2.0	1.0	IrrE			grape
WP_033485945.1	MULTISPECIES: type IV secretion system protein [Xanthomonas]	OTHER	1.0	1e-05	0.0	0.0	0.0	0.0		100.0	360	0	0	1	360	1	360	0.0	722.0	TrbL	PF04610.20	-	2.7e-36	126.0	22.9	2.7e-36	126.0	22.9	1.6	1.0	1.0	0.0	1.0	1.0	1.0	1.0	TrbL/VirB6	possible_virulence		grape
WP_033485946.1	MULTISPECIES: EexN family lipoprotein [Xanthomonas]	LIPO	0.0	7e-06	1.0	0.0	0.0	0.0	CS pos: 16-17. Pr: 0.9965	100.0	81	0	0	1	81	1	81	2.54e-59	167.0																					grape
WP_050495026.1	MULTISPECIES: helix-turn-helix domain-containing protein [Xanthomonas]	OTHER	1.0	0.0	0.0	0.0	0.0	0.0		100.0	366	0	0	1	366	1	366	0.0	754.0	Peptidase_M78	PF06114.20	-	1.1e-18	67.8	0.0	4e-18	66.0	0.0	2.0	2.0	0.0	0.0	2.0	2.0	2.0	1.0	IrrE			grape
WP_050495088.1	MULTISPECIES: hypothetical protein [Xanthomonas]	OTHER	1.0	2.5e-05	0.0	0.0	0.0	0.0		100.0	123	0	0	1	123	1	123	2.54e-93	256.0																					grape
WP_080715180.1	MULTISPECIES: hypothetical protein [Xanthomonas]	OTHER	1.0	0.0	0.0	0.0	0.0	0.0		100.0	59	0	0	1	59	1	59	5.85e-42	121.0																					grape
WP_080715265.1	serine/threonine-protein kinase [Xanthomonas citri]	OTHER	1.0	0.0	0.0	0.0	0.0	0.0		100.0	295	0	0	1	295	1	295	0.0	620.0	Pkinase	PF00069.32	-	6.5e-36	124.6	0.0	2.1e-35	123.0	0.0	1.6	1.0	1.0	1.0	2.0	2.0	2.0	1.0	Protein			grape
WP_080715310.1	serine/threonine-protein kinase [Xanthomonas citri]	OTHER	1.0	0.0	0.0	0.0	0.0	0.0		100.0	360	0	0	1	360	1	360	0.0	746.0	Pkinase	PF00069.32	-	7.1e-46	157.3	0.0	9.3e-46	156.9	0.0	1.1	1.0	0.0	0.0	1.0	1.0	1.0	1.0	Protein			grape
WP_080715314.1	hypothetical protein [Xanthomonas citri]	OTHER	1.0	5e-06	0.0	0.0	0.0	0.0		100.0	109	0	0	1	109	1	109	1.83e-77	214.0																					grape
WP_098477617.1	EexN family lipoprotein [Xanthomonas citri]	LIPO	0.0	9e-06	1.0	0.0	0.0	0.0	CS pos: 16-17. Pr: 0.9965	100.0	83	0	0	1	83	1	83	2.46e-62	174.0																					grape
WP_134952608.1	MULTISPECIES: hypothetical protein [Xanthomonas]	SP	0.155213	0.825425	0.017346	0.001226	0.000418	0.000354	CS pos: 39-40. Pr: 0.7192	100.0	329	0	0	1	329	1	329	0.0	682.0																					grape
WP_136614833.1	hypothetical protein [Xanthomonas citri]	OTHER	1.0	1.2e-05	0.0	0.0	0.0	0.0		100.0	262	0	0	1	262	1	262	0.0	541.0																					grape
WP_136614834.1	MULTISPECIES: hypothetical protein [Xanthomonas]	OTHER	1.0	0.0	0.0	0.0	0.0	0.0		100.0	144	0	0	1	144	1	144	4.55e-107	292.0																					grape
WP_136614837.1	hypothetical protein [Xanthomonas citri]	OTHER	0.999942	8.8e-05	2e-06	0.0	0.0	0.0		100.0	266	0	0	1	266	1	266	0.0	548.0																					grape
WP_164677996.1	MULTISPECIES: P-type DNA transfer protein VirB5 [Xanthomonas]	SP	0.00027	0.999108	0.000178	0.000156	0.000138	0.000134	CS pos: 21-22. Pr: 0.9634	100.0	236	0	0	1	236	1	236	1.34e-180	486.0	T4SS	PF07996.17	-	7.7e-67	226.1	14.7	8.8e-67	225.9	14.7	1.0	1.0	0.0	0.0	1.0	1.0	1.0	1.0	Type			grape
WP_181143283.1	hypothetical protein [Xanthomonas citri]	OTHER	1.0	0.0	0.0	0.0	0.0	0.0		100.0	112	0	0	1	112	1	112	8.66e-84	231.0																					grape
WP_232350812.1	hypothetical protein [Xanthomonas citri]	OTHER	0.999999	2e-06	2e-06	0.0	0.0	0.0		100.0	49	0	0	1	49	1	49	2.84e-34	101.0																					grape
WP_232350932.1	zeta toxin family protein [Xanthomonas citri]	OTHER	1.0	0.0	0.0	0.0	0.0	0.0		100.0	1273	0	0	1	1273	1	1273	0.0	2552.0	Zeta_toxin	PF06414.19	-	7.999999999999999e-56	189.2	0.0	1.4999999999999999e-55	188.3	0.0	1.4	1.0	0.0	0.0	1.0	1.0	1.0	1.0	Zeta			grape
WP_244440999.1	transposase [Xanthomonas citri]	OTHER	1.0	0.0	0.0	0.0	0.0	0.0		100.0	217	0	0	1	217	1	217	8.420000000000001e-166	447.0	Y1_Tnp	PF01797.22	-	6.7e-12	46.2	0.0	9.1e-12	45.8	0.0	1.2	1.0	0.0	0.0	1.0	1.0	1.0	1.0	Transposase			grape
WP_244441022.1	peptidoglycan-binding protein [Xanthomonas citri]	OTHER	1.0	0.0	0.0	0.0	0.0	0.0		100.0	1222	0	0	1	1222	1	1222	0.0	2449.0	PG_binding_1	PF01471.24	-	8.3e-14	52.1	1.4	2.7e-13	50.5	1.4	2.0	1.0	0.0	0.0	1.0	1.0	1.0	1.0	Putative			grape
WP_005918293.1	MULTISPECIES: nucleotidyl transferase AbiEii/AbiGii toxin family protein [Xanthomonas]	OTHER	1.0	0.0	0.0	0.0	0.0	0.0		100.0	285	0	0	1	285	1	285	0.0	585.0	AbiEii	PF08843.18	-	4.2e-24	86.4	0.9	5.0999999999999995e-24	86.1	0.9	1.1	1.0	0.0	0.0	1.0	1.0	1.0	1.0	Nucleotidyl			pomegranate
WP_005932853.1	RHS Repeat family protein [Xanthomonas citri]	OTHER	1.0	0.0	0.0	0.0	0.0	0.0		100.0	355	0	0	1	355	1	355	0.0	726.0																					pomegranate
WP_005932979.1	XopAG/AvrGf1 family type III secretion system effector [Xanthomonas citri]	OTHER	1.0	0.0	0.0	0.0	0.0	0.0		100.0	508	0	0	1	508	1	508	0.0	1058.0																			possible_virulence	T3E_or_secreted_candidate	pomegranate
WP_005933765.1	recombinase family protein [Xanthomonas citri]	OTHER	1.0	0.0	0.0	0.0	0.0	0.0		100.0	215	0	0	1	215	1	215	7.2e-157	424.0	Resolvase	PF00239.27	-	3.4e-20	73.2	5.8	1.9e-19	70.7	5.8	1.9	1.0	1.0	0.0	1.0	1.0	1.0	1.0	Resolvase,			pomegranate
WP_033480720.1	hypothetical protein [Xanthomonas citri]	LIPO	0.001469	0.207608	0.790248	0.00025	0.000269	0.000137	CS pos: 37-38. Pr: 0.7381	100.0	237	0	0	1	237	1	237	0.0	491.0																					pomegranate
WP_087947207.1	IS3-like element ISXca2 family transposase [Xanthomonas citri]	OTHER	1.0	0.0	0.0	0.0	0.0	0.0		100.0	369	0	0	1	369	1	369	0.0	764.0	rve_3	PF13683.13	-	7.1e-27	93.6	0.0	1.9999999999999998e-26	92.1	0.0	1.8	2.0	0.0	0.0	2.0	2.0	2.0	1.0	Integrase			pomegranate
WP_160964032.1	MULTISPECIES: IS5 family transposase [Lysobacteraceae]	OTHER	1.0	0.0	0.0	0.0	0.0	0.0		100.0	458	0	0	1	458	1	458	0.0	930.0	DUF772	PF05598.17	-	4.4e-19	69.4	0.0	9.5e-19	68.3	0.0	1.6	1.0	0.0	0.0	1.0	1.0	1.0	1.0	Transposase			pomegranate
WP_176558546.1	hypothetical protein [Xanthomonas citri]	OTHER	0.999939	8.8e-05	3e-06	0.0	0.0	0.0		100.0	246	0	0	1	246	1	246	0.0	488.0																					pomegranate
WP_176558553.1	MULTISPECIES: IS3 family transposase [Xanthomonas]	OTHER	1.0	0.0	0.0	0.0	0.0	0.0		100.0	371	0	0	1	371	1	371	0.0	771.0	rve_3	PF13683.13	-	3.9e-25	88.0	0.0	1.0999999999999998e-24	86.5	0.0	1.9	1.0	0.0	0.0	1.0	1.0	1.0	1.0	Integrase			pomegranate
WP_192486482.1	recombinase family protein [Xanthomonas citri]	OTHER	1.0	1e-06	0.0	0.0	0.0	0.0		100.0	242	0	0	1	242	1	242	1.9400000000000002e-173	469.0	Resolvase	PF00239.27	-	1.8e-20	74.1	1.5	9.1e-20	71.8	1.5	1.9	1.0	1.0	0.0	1.0	1.0	1.0	1.0	Resolvase,			pomegranate
WP_192486489.1	IS5 family transposase [Xanthomonas citri]	OTHER	1.0	0.0	0.0	0.0	0.0	0.0		100.0	458	0	0	1	458	1	458	0.0	931.0	DUF772	PF05598.17	-	4.4e-19	69.4	0.0	9.5e-19	68.3	0.0	1.6	1.0	0.0	0.0	1.0	1.0	1.0	1.0	Transposase			pomegranate
WP_192486500.1	IS5 family transposase [Xanthomonas citri]	OTHER	1.0	0.0	0.0	0.0	0.0	0.0		100.0	458	0	0	1	458	1	458	0.0	931.0	DUF772	PF05598.17	-	4.4e-19	69.4	0.0	9.5e-19	68.3	0.0	1.6	1.0	0.0	0.0	1.0	1.0	1.0	1.0	Transposase			pomegranate
WP_233700203.1	IS3 family transposase [Xanthomonas citri]	OTHER	1.0	0.0	0.0	0.0	0.0	0.0		100.0	367	0	0	1	367	1	367	0.0	764.0	rve_3	PF13683.13	-	9.7e-25	86.7	0.0	2.5e-24	85.4	0.0	1.8	1.0	0.0	0.0	1.0	1.0	1.0	1.0	Integrase			pomegranate
WP_233700229.1	hypothetical protein [Xanthomonas citri]	OTHER	1.0	0.0	0.0	0.0	0.0	0.0		100.0	194	0	0	1	194	1	194	6.34e-148	400.0																					pomegranate
WP_233700232.1	LysM domain protein [Xanthomonas citri]	OTHER	1.0	2e-06	0.0	0.0	0.0	0.0		100.0	3263	0	0	1	3263	1	3263	0.0	6556.0	RHS_repeat	PF05593.20	-	3.8e-179	579.0	375.6	2.1e-07	31.8	3.3	63.7	50.0	15.0	14.0	68.0	68.0	68.0	56.0	RHS			pomegranate
WP_233700242.1	NYN domain-containing protein [Xanthomonas citri]	OTHER	1.0	0.0	0.0	0.0	0.0	0.0		100.0	104	0	0	1	104	1	104	4.78e-76	211.0																					pomegranate
WP_233700255.1	hypothetical protein [Xanthomonas citri]	OTHER	1.0	0.0	0.0	0.0	0.0	0.0		100.0	395	0	0	1	395	1	395	0.0	784.0																					pomegranate
WP_233700259.1	MULTISPECIES: NYN domain-containing protein [Xanthomonas]	OTHER	1.0	0.0	0.0	0.0	0.0	0.0		100.0	323	0	0	1	323	1	323	0.0	663.0																					pomegranate
WP_233700261.1	hypothetical protein [Xanthomonas citri]	OTHER	1.0	4e-06	0.0	0.0	0.0	0.0		100.0	65	0	0	1	65	1	65	9.69e-47	134.0																					pomegranate
WP_233700267.1	hypothetical protein [Xanthomonas citri]	OTHER	0.999934	8.8e-05	3e-06	0.0	0.0	0.0		100.0	448	0	0	1	448	1	448	0.0	885.0																					pomegranate
WP_233700269.1	hypothetical protein [Xanthomonas citri]	OTHER	1.0	0.0	0.0	0.0	0.0	0.0		100.0	315	0	0	1	315	1	315	0.0	625.0																					pomegranate
WP_306291509.1	XopAG/AvrGf1 family type III secretion system effector [Xanthomonas citri]	OTHER	1.0	0.0	0.0	0.0	0.0	0.0		100.0	532	0	0	1	532	1	532	0.0	1109.0																			possible_virulence	T3E_or_secreted_candidate	pomegranate
WP_425525089.1	IS3 family transposase [Xanthomonas citri]	OTHER	1.0	0.0	0.0	0.0	0.0	0.0		100.0	370	0	0	1	370	1	370	0.0	768.0	rve_3	PF13683.13	-	3.6999999999999996e-25	88.1	0.0	1.0999999999999998e-24	86.5	0.0	1.9	1.0	0.0	0.0	1.0	1.0	1.0	1.0	Integrase			pomegranate
WP_425525091.1	IS3 family transposase [Xanthomonas citri]	OTHER	1.0	0.0	0.0	0.0	0.0	0.0		100.0	370	0	0	1	370	1	370	0.0	768.0	rve_3	PF13683.13	-	3.6999999999999996e-25	88.1	0.0	1.0999999999999998e-24	86.5	0.0	1.9	1.0	0.0	0.0	1.0	1.0	1.0	1.0	Integrase			pomegranate
WP_011257024.1	IS5 family transposase [Xanthomonas oryzae]	OTHER	1.0	0.0	0.0	0.0	0.0	0.0		100.0	326	0	0	1	326	1	326	0.0	672.0	DDE_Tnp_1	PF01609.28	-	3.0999999999999997e-29	102.8	2.5	4.7e-29	102.2	2.5	1.2	1.0	0.0	0.0	1.0	1.0	1.0	1.0	Transposase			xoo
WP_011257046.1	IS30 family transposase [Xanthomonas oryzae]	OTHER	1.0	0.0	0.0	0.0	0.0	0.0		100.0	341	0	0	1	341	1	341	0.0	712.0	rve	PF00665.33	-	1.7e-06	28.8	0.0	4.2e-06	27.5	0.0	1.6	1.0	0.0	0.0	1.0	1.0	1.0	1.0	Integrase			xoo
WP_011257122.1	hypothetical protein [Xanthomonas oryzae]	OTHER	1.0	3e-06	0.0	0.0	0.0	0.0		100.0	86	0	0	1	86	1	86	2.57e-59	170.0																					xoo
WP_011257310.1	MULTISPECIES: ISL3-like element ISXoo13 family transposase [Gammaproteobacteria]	OTHER	1.0	0.0	0.0	0.0	0.0	0.0		99.757	411	1	0	1	411	1	411	0.0	850.0	DDE_Tnp_ISL3	PF01610.24	-	1.1000000000000002e-59	202.7	0.5	1.4000000000000001e-59	202.4	0.5	1.1	1.0	0.0	0.0	1.0	1.0	1.0	1.0	Transposase			xoo
WP_011257570.1	ISL3-like element ISXoo13 family transposase [Xanthomonas oryzae]	OTHER	1.0	0.0	0.0	0.0	0.0	0.0		100.0	411	0	0	1	411	1	411	0.0	849.0	DDE_Tnp_ISL3	PF01610.24	-	6.1e-60	203.6	0.5	7.6e-60	203.3	0.5	1.1	1.0	0.0	0.0	1.0	1.0	1.0	1.0	Transposase			xoo
WP_011257704.1	IS5 family transposase [Xanthomonas oryzae]	OTHER	1.0	2e-06	0.0	0.0	0.0	0.0		100.0	158	0	0	1	158	1	158	4.01e-119	327.0	DDE_Tnp_1	PF01609.28	-	2.2000000000000002e-30	106.5	0.1	2.5000000000000002e-30	106.3	0.1	1.0	1.0	0.0	0.0	1.0	1.0	1.0	1.0	Transposase			xoo
WP_011258065.1	MULTISPECIES: hypothetical protein [Xanthomonas]	OTHER	0.999838	0.000186	1e-06	1e-06	0.0	2e-06		100.0	112	0	0	1	112	1	112	1.28e-81	228.0																					xoo
WP_011258442.1	ISL3-like element ISXoo13 family transposase [Xanthomonas oryzae]	OTHER	1.0	0.0	0.0	0.0	0.0	0.0		100.0	411	0	0	1	411	1	411	0.0	850.0	DDE_Tnp_ISL3	PF01610.24	-	2.3000000000000002e-59	201.7	0.4	2.9e-59	201.4	0.4	1.1	1.0	0.0	0.0	1.0	1.0	1.0	1.0	Transposase			xoo
WP_011258918.1	IS630 family transposase [Xanthomonas oryzae]	OTHER	1.0	0.0	0.0	0.0	0.0	0.0		100.0	352	0	0	1	352	1	352	0.0	716.0	DDE_3	PF13358.13	-	1.6e-30	106.5	0.0	2.3000000000000002e-30	105.9	0.0	1.3	1.0	0.0	0.0	1.0	1.0	1.0	1.0	DDE			xoo
WP_011259047.1	hypothetical protein [Xanthomonas oryzae]	SP	0.000445	0.998803	0.000215	0.000196	0.00016	0.00015	CS pos: 34-35. Pr: 0.9626	100.0	337	0	0	1	337	1	337	0.0	701.0																					xoo
WP_011259588.1	MULTISPECIES: cytochrome-c peroxidase [Xanthomonas]	SP	0.063441	0.929913	0.001899	0.00401	0.00046	0.000245	CS pos: 40-41. Pr: 0.8849	100.0	330	0	0	1	330	1	330	0.0	671.0	CCP_MauG	PF03150.20	-	5.5999999999999996e-39	134.7	0.0	8.2e-34	118.0	0.0	2.2	2.0	0.0	0.0	2.0	2.0	2.0	2.0	Di-haem			xoo
WP_011259834.1	hypothetical protein [Xanthomonas oryzae]	SP	0.000256	0.999098	0.000182	0.000159	0.000156	0.000149	CS pos: 21-22. Pr: 0.9774	100.0	175	0	0	1	175	1	175	2.0199999999999999e-131	359.0																					xoo
WP_011259865.1	hypothetical protein [Xanthomonas oryzae]	OTHER	0.999975	6.3e-05	1e-06	0.0	0.0	0.0		100.0	150	0	0	1	150	1	150	3.98e-112	308.0																					xoo
WP_011260741.1	DUF4123 domain-containing protein [Xanthomonas oryzae]	OTHER	1.0	0.0	0.0	0.0	0.0	0.0		100.0	158	0	0	1	158	1	158	7.8e-116	318.0	DUF4123	PF13503.12	-	3.9000000000000004e-22	79.3	2.7	4.7e-22	79.0	2.7	1.1	1.0	0.0	0.0	1.0	1.0	1.0	1.0	Domain			xoo
WP_011260742.1	PAAR domain-containing protein [Xanthomonas oryzae]	OTHER	1.0	1e-06	0.0	0.0	0.0	0.0		100.0	144	0	0	1	144	1	144	1.19e-102	284.0	PAAR_motif	PF05488.19	-	2.1e-23	82.8	4.1	3.3e-23	82.2	4.1	1.3	1.0	0.0	0.0	1.0	1.0	1.0	1.0	PAAR			xoo
WP_011260863.1	AAA family ATPase [Xanthomonas oryzae]	OTHER	1.0	0.0	0.0	0.0	0.0	0.0		100.0	398	0	0	1	398	1	398	0.0	813.0	AAA_21	PF13304.13	-	3.7e-30	106.5	1.3	1.3999999999999998e-29	104.7	1.3	1.8	1.0	1.0	0.0	1.0	1.0	1.0	1.0	AAA			xoo
WP_011407237.1	IS30-like element IS1112a family transposase [Xanthomonas oryzae]	OTHER	1.0	0.0	0.0	0.0	0.0	0.0		100.0	318	0	0	1	318	1	318	0.0	651.0	HTH_38	PF13936.13	-	8.8e-16	58.0	6.2	2.8e-15	56.3	1.9	2.6	2.0	0.0	0.0	2.0	2.0	2.0	1.0	Helix-turn-helix			xoo
WP_011407513.1	hypothetical protein [Xanthomonas oryzae]	OTHER	1.0	0.0	0.0	0.0	0.0	0.0		100.0	129	0	0	1	129	1	129	2.3800000000000002e-88	247.0																					xoo
WP_011407587.1	MULTISPECIES: IS630 family transposase [Xanthomonas]	OTHER	1.0	0.0	0.0	0.0	0.0	0.0		100.0	344	0	0	1	344	1	344	0.0	703.0	DDE_3	PF13358.13	-	8.900000000000001e-36	123.5	0.0	1.3e-35	123.0	0.0	1.2	1.0	0.0	0.0	1.0	1.0	1.0	1.0	DDE			xoo
WP_011407713.1	ISL3-like element ISXoo13 family transposase [Xanthomonas oryzae]	OTHER	1.0	0.0	0.0	0.0	0.0	0.0		100.0	411	0	0	1	411	1	411	0.0	849.0	DDE_Tnp_ISL3	PF01610.24	-	6.1e-60	203.6	0.5	7.6e-60	203.3	0.5	1.1	1.0	0.0	0.0	1.0	1.0	1.0	1.0	Transposase			xoo
WP_011407913.1	MULTISPECIES: IS4-like element ISXo14 family transposase [Gammaproteobacteria]	OTHER	1.0	0.0	0.0	0.0	0.0	0.0		100.0	404	0	0	1	404	1	404	0.0	803.0	DDE_Tnp_1	PF01609.28	-	1e-22	81.5	0.0	2e-22	80.5	0.0	1.4	1.0	0.0	0.0	1.0	1.0	1.0	1.0	Transposase			xoo
WP_011408397.1	MULTISPECIES: IS256-like element IS1113 family transposase [Gammaproteobacteria]	OTHER	1.0	0.0	0.0	0.0	0.0	0.0		100.0	394	0	0	1	394	1	394	0.0	813.0	Transposase_mut	PF00872.25	-	5.7e-110	368.4	0.5	7e-110	368.1	0.5	1.0	1.0	0.0	0.0	1.0	1.0	1.0	1.0	Transposase,			xoo
WP_011408522.1	IS256-like element IS1113 family transposase [Xanthomonas oryzae]	OTHER	1.0	0.0	0.0	0.0	0.0	0.0		100.0	394	0	0	1	394	1	394	0.0	812.0	Transposase_mut	PF00872.25	-	1.8e-109	366.7	0.4	2.2e-109	366.4	0.4	1.0	1.0	0.0	0.0	1.0	1.0	1.0	1.0	Transposase,			xoo
WP_011408538.1	hypothetical protein [Xanthomonas oryzae]	OTHER	1.0	0.0	0.0	0.0	0.0	0.0		100.0	143	0	0	1	143	1	143	2.59e-103	286.0																					xoo
WP_011408694.1	IS701-like element ISXo15 family transposase [Xanthomonas oryzae]	OTHER	1.0	0.0	0.0	0.0	0.0	0.0		100.0	439	0	0	1	439	1	439	0.0	903.0	DDE_5	PF13546.13	-	5.5e-85	285.8	9.8	9.6e-85	285.0	9.8	1.4	1.0	0.0	0.0	1.0	1.0	1.0	1.0	DDE			xoo
WP_011409251.1	MULTISPECIES: type VI immunity family protein [Xanthomonas]	OTHER	1.0	0.0	0.0	0.0	0.0	0.0		100.0	356	0	0	1	356	1	356	0.0	732.0	TsiV	PF11876.14	-	1.2e-59	202.5	0.0	1.4000000000000001e-59	202.3	0.0	1.1	1.0	0.0	0.0	1.0	1.0	1.0	1.0	Type			xoo
WP_011409252.1	MULTISPECIES: type VI immunity family protein [Xanthomonas]	OTHER	1.0	0.0	0.0	0.0	0.0	0.0		100.0	361	0	0	1	361	1	361	0.0	743.0	TsiV	PF11876.14	-	1.2999999999999999e-61	209.0	0.0	1.4999999999999999e-61	208.7	0.0	1.1	1.0	0.0	0.0	1.0	1.0	1.0	1.0	Type			xoo
WP_011409406.1	MULTISPECIES: hypothetical protein [Xanthomonas]	SP	0.000374	0.998874	0.000205	0.000198	0.000169	0.000159	CS pos: 22-23. Pr: 0.9786	100.0	188	0	0	1	188	1	188	5.35e-141	385.0																					xoo
WP_011409407.1	MULTISPECIES: hypothetical protein [Xanthomonas]	LIPO	0.000744	0.427014	0.571516	0.00037	0.000189	0.000147	CS pos: 24-25. Pr: 0.5134	100.0	161	0	0	1	161	1	161	9.719999999999999e-119	326.0																					xoo
WP_011409668.1	MULTISPECIES: methyltransferase family protein [Xanthomonas]	OTHER	1.0	0.0	0.0	0.0	0.0	0.0		100.0	153	0	0	1	153	1	153	1.02e-109	303.0	PEMT	PF04191.19	-	2e-12	48.1	0.1	3.5e-12	47.3	0.1	1.4	1.0	0.0	0.0	1.0	1.0	1.0	1.0	Phospholipid			xoo
WP_012443584.1	IS630 family transposase [Xanthomonas oryzae]	OTHER	1.0	1e-06	0.0	0.0	0.0	0.0		100.0	348	0	0	1	348	1	348	0.0	706.0	DDE_3	PF13358.13	-	3.1e-32	112.0	0.0	4.6e-32	111.5	0.0	1.3	1.0	0.0	0.0	1.0	1.0	1.0	1.0	DDE			xoo
WP_012443641.1	IS5-like element ISXoo7 family transposase [Xanthomonas oryzae]	OTHER	1.0	0.0	0.0	0.0	0.0	0.0		100.0	326	0	0	1	326	1	326	0.0	677.0	DDE_Tnp_1	PF01609.28	-	1.7000000000000002e-27	97.1	2.3	2.5e-27	96.5	2.3	1.2	1.0	0.0	0.0	1.0	1.0	1.0	1.0	Transposase			xoo
WP_012443646.1	IS5 family transposase [Xanthomonas oryzae]	OTHER	1.0	1e-06	0.0	0.0	0.0	0.0		100.0	458	0	0	1	458	1	458	0.0	930.0	DUF772	PF05598.17	-	3.1e-19	69.9	0.0	6.1e-19	68.9	0.0	1.5	1.0	0.0	0.0	1.0	1.0	1.0	1.0	Transposase			xoo
WP_012443687.1	IS5-like element ISXoo5 family transposase [Xanthomonas oryzae]	OTHER	1.0	1e-06	0.0	0.0	0.0	0.0		100.0	491	0	0	1	491	1	491	0.0	999.0	DUF772	PF05598.17	-	6.9e-15	55.9	0.1	1e-10	42.6	0.0	2.5	1.0	1.0	0.0	2.0	2.0	2.0	2.0	Transposase			xoo
WP_012443699.1	T6SS effector phospholipase Tle3 domain-containing protein [Xanthomonas oryzae]	OTHER	1.0	0.0	0.0	0.0	0.0	0.0		100.0	714	0	0	1	714	1	714	0.0	1484.0	Tle3	PF24322.3	-	7.2e-109	364.7	0.0	9.299999999999999e-109	364.4	0.0	1.1	1.0	0.0	0.0	1.0	1.0	1.0	1.0	T6SS	possible_virulence	T3E_or_secreted_candidate	xoo
WP_012443701.1	MULTISPECIES: membrane protein [Xanthomonas]	OTHER	0.99957	0.000181	0.000216	2e-06	0.0	3.3e-05		100.0	48	0	0	1	48	1	48	8.7e-32	98.2																					xoo
WP_012443703.1	type VI lipase adapter Tla3 domain-containing protein [Xanthomonas oryzae]	OTHER	1.0	0.0	0.0	0.0	0.0	0.0		100.0	558	0	0	1	558	1	558	0.0	1131.0	Tla3_C	PF20995.4	-	6.7e-49	166.0	0.0	1.2e-48	165.2	0.0	1.4	1.0	0.0	0.0	1.0	1.0	1.0	1.0	Type			xoo
WP_012443802.1	MULTISPECIES: hypothetical protein [Xanthomonas]	OTHER	0.999995	0.0	0.0	0.0	0.0	0.0		100.0	44	0	0	1	44	1	44	4.79e-29	90.9																					xoo
WP_012443821.1	IS630 family transposase [Xanthomonas oryzae]	OTHER	1.0	0.0	0.0	0.0	0.0	0.0		100.0	352	0	0	1	352	1	352	0.0	716.0	DDE_3	PF13358.13	-	4.7e-33	114.7	0.0	6.7e-33	114.2	0.0	1.2	1.0	0.0	0.0	1.0	1.0	1.0	1.0	DDE			xoo
WP_012443979.1	ISL3-like element ISXoo13 family transposase [Xanthomonas oryzae]	OTHER	1.0	0.0	0.0	0.0	0.0	0.0		100.0	411	0	0	1	411	1	411	0.0	850.0	DDE_Tnp_ISL3	PF01610.24	-	9.7e-60	202.9	0.5	1.2e-59	202.6	0.5	1.1	1.0	0.0	0.0	1.0	1.0	1.0	1.0	Transposase			xoo
WP_012444101.1	type VI secretion system Vgr family protein [Xanthomonas oryzae]	OTHER	1.0	0.0	0.0	0.0	0.0	0.0		100.0	328	0	0	1	328	1	328	0.0	669.0	Phage_GPD	PF05954.18	-	2.4e-33	116.1	0.1	3.7e-33	115.5	0.1	1.2	1.0	0.0	0.0	1.0	1.0	1.0	1.0	Phage	possible_virulence		xoo
WP_012444104.1	MULTISPECIES: contractile injection system protein, VgrG/Pvc8 family [Xanthomonas]	OTHER	1.0	0.0	0.0	0.0	0.0	0.0		100.0	143	0	0	1	143	1	143	6.269999999999999e-104	287.0	Phage_GPD	PF05954.18	-	7.6e-27	94.8	0.1	8.5e-27	94.7	0.1	1.0	1.0	0.0	0.0	1.0	1.0	1.0	1.0	Phage			xoo
WP_012444301.1	IS630 family transposase [Xanthomonas oryzae]	OTHER	1.0	0.0	0.0	0.0	0.0	0.0		100.0	352	0	0	1	352	1	352	0.0	710.0	DDE_3	PF13358.13	-	4.1e-33	114.9	0.0	6.1e-33	114.3	0.0	1.3	1.0	0.0	0.0	1.0	1.0	1.0	1.0	DDE			xoo
WP_012444325.1	hypothetical protein [Xanthomonas oryzae]	OTHER	0.999993	0.0	0.0	0.0	0.0	0.0		100.0	48	0	0	1	48	1	48	1.2e-31	97.8																					xoo
WP_012444328.1	PAAR domain-containing protein [Xanthomonas oryzae]	OTHER	1.0	2.2e-05	0.0	0.0	0.0	0.0		100.0	86	0	0	1	86	1	86	6.62e-59	169.0	PAAR_motif	PF05488.19	-	1.3e-26	93.0	6.6	1.6e-26	92.8	6.6	1.1	1.0	0.0	0.0	1.0	1.0	1.0	1.0	PAAR			xoo
WP_012444350.1	DUF3304 domain-containing protein [Xanthomonas oryzae]	LIPO	0.001021	0.271317	0.726698	0.000274	0.000536	0.000146	CS pos: 38-39. Pr: 0.7037	100.0	195	0	0	1	195	1	195	2.31e-149	406.0	DUF3304	PF11745.14	-	4.9000000000000003e-32	110.8	0.0	7.1e-32	110.3	0.0	1.2	1.0	0.0	0.0	1.0	1.0	1.0	1.0	Protein			xoo
WP_012444351.1	T6SS phospholipase effector Tle1-like catalytic domain-containing protein [Xanthomonas oryzae]	OTHER	1.0	0.0	0.0	0.0	0.0	0.0		100.0	802	0	0	1	802	1	802	0.0	1657.0	T6SS_Tle1-like_cat	PF09994.15	-	1.3999999999999999e-24	87.6	0.1	1.3e-12	48.2	0.0	3.0	2.0	1.0	1.0	3.0	3.0	3.0	2.0	T6SS,	possible_virulence	T3E_or_secreted_candidate	xoo
WP_012444375.1	ISL3 family transposase [Xanthomonas oryzae]	OTHER	1.0	0.0	0.0	0.0	0.0	0.0		100.0	472	0	0	1	472	1	472	0.0	983.0	DDE_Tnp_ISL3	PF01610.24	-	3.8999999999999995e-62	210.8	0.1	7.899999999999999e-62	209.8	0.0	1.5	2.0	0.0	0.0	2.0	2.0	2.0	1.0	Transposase			xoo
WP_012444470.1	MULTISPECIES: type VI secretion system tip protein TssI/VgrG [Xanthomonas]	OTHER	1.0	0.0	0.0	0.0	0.0	0.0		100.0	748	0	0	1	748	1	748	0.0	1548.0	Phage_GPD	PF05954.18	-	8.3e-81	272.0	3.0	1.3e-80	271.4	0.3	2.1	2.0	0.0	0.0	2.0	2.0	2.0	1.0	Phage	possible_virulence		xoo
WP_012444471.1	hypothetical protein [Xanthomonas oryzae]	OTHER	1.0	0.0	0.0	0.0	0.0	0.0		100.0	539	0	0	1	539	1	539	0.0	1088.0																					xoo
WP_012444473.1	DUF6531 domain-containing protein [Xanthomonas oryzae]	OTHER	1.0	3e-06	0.0	0.0	0.0	0.0		100.0	1579	0	0	1	1579	1	1579	0.0	3232.0	RHS_repeat	PF05593.20	-	1e-71	236.7	89.7	1e-10	42.3	1.4	16.8	18.0	0.0	0.0	18.0	18.0	18.0	13.0	RHS			xoo
WP_012444561.1	DnaB-like helicase C-terminal domain-containing protein [Xanthomonas oryzae]	OTHER	1.0	0.0	0.0	0.0	0.0	0.0		100.0	231	0	0	1	231	1	231	4.47e-177	479.0	DnaB_C	PF03796.22	-	8.500000000000001e-28	98.0	0.0	1e-27	97.8	0.0	1.1	1.0	0.0	0.0	1.0	1.0	1.0	1.0	DnaB-like			xoo
WP_012444628.1	contractile injection system protein, VgrG/Pvc8 family [Xanthomonas oryzae]	OTHER	1.0	0.0	0.0	0.0	0.0	0.0		100.0	94	0	0	1	94	1	94	8.519999999999999e-68	192.0	Phage_GPD	PF05954.18	-	2.3e-18	67.0	0.1	2.7e-18	66.8	0.1	1.0	1.0	0.0	0.0	1.0	1.0	1.0	1.0	Phage			xoo
WP_012444636.1	type VI secretion system Vgr family protein [Xanthomonas oryzae]	OTHER	1.0	0.0	0.0	0.0	0.0	0.0		100.0	920	0	0	1	920	1	920	0.0	1828.0	Phage_GPD	PF05954.18	-	4.4e-70	236.8	6.9	4.4e-70	236.8	6.9	1.5	2.0	0.0	0.0	2.0	2.0	2.0	1.0	Phage	possible_virulence		xoo
WP_012445091.1	IS5 family transposase [Xanthomonas oryzae]	OTHER	1.0	1e-06	0.0	0.0	0.0	0.0		100.0	491	0	0	1	491	1	491	0.0	999.0	DUF772	PF05598.17	-	1.9e-12	48.1	0.1	9.4e-10	39.5	0.0	2.6	1.0	1.0	1.0	2.0	2.0	2.0	2.0	Transposase			xoo
WP_012445230.1	ISL3-like element ISXoo13 family transposase [Xanthomonas oryzae]	OTHER	1.0	0.0	0.0	0.0	0.0	0.0		100.0	411	0	0	1	411	1	411	0.0	851.0	DDE_Tnp_ISL3	PF01610.24	-	9.7e-60	202.9	0.4	1.2e-59	202.6	0.4	1.1	1.0	0.0	0.0	1.0	1.0	1.0	1.0	Transposase			xoo
WP_012445372.1	hypothetical protein [Xanthomonas oryzae]	OTHER	1.0	1e-06	0.0	0.0	0.0	0.0		100.0	67	0	0	1	67	1	67	1.08e-48	142.0																					xoo
WP_012445373.1	T6SS effector BTH_I2691 family protein [Xanthomonas oryzae]	OTHER	0.999843	0.000145	2.1e-05	1e-06	0.0	8e-06		100.0	944	0	0	1	944	1	944	0.0	1944.0	VasX_N	PF20249.4	-	2.6e-38	132.1	0.0	6.300000000000001e-38	130.9	0.0	1.7	1.0	0.0	0.0	1.0	1.0	1.0	1.0	VasX	possible_virulence	T3E_or_secreted_candidate	xoo
WP_012445394.1	ISL3-like element ISXoo13 family transposase [Xanthomonas oryzae]	OTHER	1.0	0.0	0.0	0.0	0.0	0.0		100.0	411	0	0	1	411	1	411	0.0	850.0	DDE_Tnp_ISL3	PF01610.24	-	3.6e-60	204.3	0.5	4.5e-60	204.0	0.5	1.1	1.0	0.0	0.0	1.0	1.0	1.0	1.0	Transposase			xoo
WP_012445627.1	IS630 family transposase [Xanthomonas oryzae]	OTHER	1.0	1e-06	0.0	0.0	0.0	0.0		100.0	333	0	0	1	333	1	333	0.0	690.0	HTH_23	PF13384.13	-	1.5e-13	50.7	2.3	1.3e-11	44.5	0.4	2.7	2.0	0.0	0.0	2.0	2.0	2.0	1.0	Homeodomain-like			xoo
WP_012445794.1	ISL3-like element ISXoo13 family transposase [Xanthomonas oryzae]	OTHER	1.0	0.0	0.0	0.0	0.0	0.0		100.0	411	0	0	1	411	1	411	0.0	849.0	DDE_Tnp_ISL3	PF01610.24	-	1.7e-60	205.4	0.5	2.2000000000000002e-60	205.1	0.5	1.1	1.0	0.0	0.0	1.0	1.0	1.0	1.0	Transposase			xoo
WP_012445919.1	membrane protein [Xanthomonas oryzae]	OTHER	0.999738	9.1e-05	0.000153	1e-06	0.0	7e-06		100.0	48	0	0	1	48	1	48	1.35e-31	97.4																					xoo
WP_012445924.1	type VI lipase adapter Tla3 domain-containing protein [Xanthomonas oryzae]	OTHER	1.0	0.0	0.0	0.0	0.0	0.0		100.0	560	0	0	1	560	1	560	0.0	1134.0	Tla3_C	PF20995.4	-	2.7e-49	167.2	0.0	6.7e-49	166.0	0.0	1.7	2.0	0.0	0.0	2.0	2.0	2.0	1.0	Type			xoo
WP_012445925.1	T6SS effector phospholipase Tle3 domain-containing protein [Xanthomonas oryzae]	OTHER	1.0	0.0	0.0	0.0	0.0	0.0		100.0	715	0	0	1	715	1	715	0.0	1488.0	Tle3	PF24322.3	-	1.1e-108	364.2	0.0	1.4e-108	363.8	0.0	1.1	1.0	0.0	0.0	1.0	1.0	1.0	1.0	T6SS	possible_virulence	T3E_or_secreted_candidate	xoo
WP_012446080.1	methyltransferase family protein [Xanthomonas oryzae]	OTHER	0.99936	0.000574	2.6e-05	1e-06	1e-06	1.4e-05		100.0	59	0	0	1	59	1	59	2.79e-41	122.0	PEMT	PF04191.19	-	9.6e-06	26.6	0.0	1e-05	26.5	0.0	1.0	1.0	0.0	0.0	1.0	1.0	1.0	1.0	Phospholipid			xoo
WP_012446470.1	hypothetical protein [Xanthomonas oryzae]	OTHER	1.0	1e-05	1e-06	0.0	0.0	0.0		100.0	113	0	0	1	113	1	113	1.43e-82	231.0																					xoo
WP_024712752.1	hypothetical protein [Xanthomonas oryzae]	OTHER	1.0	0.0	0.0	0.0	0.0	0.0		100.0	67	0	0	1	67	1	67	1.49e-45	134.0																					xoo
WP_027703650.1	Tox-REase-5 domain-containing protein [Xanthomonas oryzae]	OTHER	1.0	0.0	0.0	0.0	0.0	0.0		100.0	261	0	0	1	261	1	261	0.0	545.0	Tox-REase-5	PF15648.13	-	9.7e-14	52.3	0.1	1.8e-13	51.5	0.1	1.4	1.0	0.0	0.0	1.0	1.0	1.0	1.0	Restriction			xoo
WP_027703651.1	hypothetical protein [Xanthomonas oryzae]	OTHER	1.0	5e-06	0.0	0.0	0.0	0.0		100.0	110	0	0	1	110	1	110	2.29e-76	215.0																					xoo
WP_027703659.1	AAA family ATPase [Xanthomonas oryzae]	OTHER	1.0	0.0	0.0	0.0	0.0	0.0		100.0	397	0	0	1	397	1	397	0.0	824.0	AAA_21	PF13304.13	-	8.5e-29	102.0	0.4	1.2e-27	98.2	0.4	2.1	1.0	1.0	0.0	1.0	1.0	1.0	1.0	AAA			xoo
WP_027703834.1	hypothetical protein [Xanthomonas oryzae]	OTHER	0.724919	0.274382	0.000259	0.000206	0.000108	0.000111		100.0	204	0	0	1	204	1	204	3.68e-152	414.0																					xoo
WP_027703995.1	hypothetical protein [Xanthomonas oryzae]	OTHER	1.0	0.0	0.0	0.0	0.0	0.0		100.0	67	0	0	1	67	1	67	8.650000000000001e-47	137.0																					xoo
WP_027704070.1	putative type VI secretion system effector [Xanthomonas oryzae]	OTHER	0.999959	4.5e-05	0.0	0.0	0.0	0.0		100.0	235	0	0	1	235	1	235	6.86e-178	482.0																			possible_virulence	T3E_or_secreted_candidate	xoo
WP_027704080.1	putative type VI secretion system effector [Xanthomonas oryzae]	OTHER	1.0	0.0	0.0	0.0	0.0	0.0		100.0	243	0	0	1	243	1	243	0.0	501.0																			possible_virulence	T3E_or_secreted_candidate	xoo
WP_027704088.1	DUF4123 domain-containing protein [Xanthomonas oryzae]	OTHER	1.0	0.0	0.0	0.0	0.0	0.0		100.0	309	0	0	1	309	1	309	0.0	627.0	DUF4123	PF13503.12	-	2.2e-10	41.4	1.0	4.9e-10	40.2	0.3	1.9	2.0	0.0	0.0	2.0	2.0	2.0	1.0	Domain			xoo
WP_027704109.1	MULTISPECIES: PAAR domain-containing protein [Xanthomonas]	OTHER	1.0	6e-06	0.0	0.0	0.0	0.0		100.0	136	0	0	1	136	1	136	1.88e-98	273.0	PAAR_motif	PF05488.19	-	2.8000000000000003e-23	82.4	4.6	3.6e-23	82.1	4.6	1.1	1.0	0.0	0.0	1.0	1.0	1.0	1.0	PAAR			xoo
WP_027704110.1	DUF4123 domain-containing protein [Xanthomonas oryzae]	OTHER	1.0	1e-06	0.0	0.0	0.0	0.0		100.0	169	0	0	1	169	1	169	1.2900000000000002e-123	339.0	DUF4123	PF13503.12	-	2.6e-22	79.9	2.4	3.8e-22	79.3	2.4	1.2	1.0	0.0	0.0	1.0	1.0	1.0	1.0	Domain			xoo
WP_033013299.1	Imm52 family immunity protein [Xanthomonas oryzae]	OTHER	1.0	0.0	0.0	0.0	0.0	0.0		100.0	252	0	0	1	252	1	252	0.0	519.0																					xoo
WP_033013546.1	putative type VI secretion system effector [Xanthomonas oryzae]	OTHER	0.997969	0.001982	1.3e-05	1.3e-05	5e-06	1e-05		100.0	245	0	0	1	245	1	245	0.0	500.0																			possible_virulence	T3E_or_secreted_candidate	xoo
WP_041182236.1	DUF4123 domain-containing protein [Xanthomonas oryzae]	OTHER	1.0	0.0	0.0	0.0	0.0	0.0		100.0	281	0	0	1	281	1	281	0.0	565.0																					xoo
WP_041182468.1	IS630 family transposase [Xanthomonas oryzae]	OTHER	1.0	1e-06	0.0	0.0	0.0	0.0		100.0	360	0	0	1	360	1	360	0.0	748.0	DDE_3	PF13358.13	-	2.7e-17	63.6	0.0	4.5e-17	62.9	0.0	1.4	1.0	0.0	0.0	1.0	1.0	1.0	1.0	DDE			xoo
WP_041182574.1	IS30 family transposase [Xanthomonas oryzae]	OTHER	1.0	0.0	0.0	0.0	0.0	0.0		100.0	318	0	0	1	318	1	318	0.0	650.0	HTH_38	PF13936.13	-	2e-15	56.8	6.0	1e-14	54.6	1.0	2.7	2.0	0.0	0.0	2.0	2.0	2.0	1.0	Helix-turn-helix			xoo
WP_041182581.1	IS1595-like element ISXo5 family transposase [Xanthomonas oryzae]	OTHER	1.0	0.0	0.0	0.0	0.0	0.0		100.0	321	0	0	1	321	1	321	0.0	668.0	DDE_Tnp_IS1595	PF12762.14	-	2.9e-36	125.3	0.0	4.2000000000000005e-36	124.8	0.0	1.2	1.0	0.0	0.0	1.0	1.0	1.0	1.0	ISXO2-like			xoo
WP_041182596.1	IS4 family transposase [Xanthomonas oryzae]	OTHER	1.0	0.0	0.0	0.0	0.0	0.0		100.0	404	0	0	1	404	1	404	0.0	803.0	DDE_Tnp_1	PF01609.28	-	8.1e-24	85.1	0.4	2.4e-22	80.2	0.0	2.2	2.0	0.0	0.0	2.0	2.0	2.0	2.0	Transposase			xoo
WP_041182615.1	IS30 family transposase [Xanthomonas oryzae]	OTHER	1.0	0.0	0.0	0.0	0.0	0.0		100.0	318	0	0	1	318	1	318	0.0	649.0	HTH_38	PF13936.13	-	6e-16	58.5	5.7	3e-15	56.2	1.0	2.7	2.0	0.0	0.0	2.0	2.0	2.0	1.0	Helix-turn-helix			xoo
WP_041182661.1	IS1595-like element ISXo5 family transposase [Xanthomonas oryzae]	OTHER	1.0	0.0	0.0	0.0	0.0	0.0		100.0	321	0	0	1	321	1	321	0.0	669.0	DDE_Tnp_IS1595	PF12762.14	-	1e-36	126.7	0.0	1.5e-36	126.2	0.0	1.2	1.0	0.0	0.0	1.0	1.0	1.0	1.0	ISXO2-like			xoo
WP_041182681.1	IS5 family transposase [Xanthomonas oryzae]	OTHER	1.0	0.0	0.0	0.0	0.0	0.0		100.0	458	0	0	1	458	1	458	0.0	932.0	DUF772	PF05598.17	-	3e-18	66.7	0.0	6.1e-18	65.7	0.0	1.6	1.0	0.0	0.0	1.0	1.0	1.0	1.0	Transposase			xoo
WP_041182719.1	IS30-like element IS1112b family transposase [Xanthomonas oryzae]	OTHER	1.0	0.0	0.0	0.0	0.0	0.0		100.0	318	0	0	1	318	1	318	0.0	650.0	HTH_38	PF13936.13	-	2.1e-15	56.7	4.7	1e-14	54.6	1.0	2.6	2.0	0.0	0.0	2.0	2.0	2.0	1.0	Helix-turn-helix			xoo
WP_041182722.1	IS1595-like element ISXo5 family transposase [Xanthomonas oryzae]	OTHER	1.0	0.0	0.0	0.0	0.0	0.0		100.0	321	0	0	1	321	1	321	0.0	669.0	DDE_Tnp_IS1595	PF12762.14	-	9.7e-37	126.8	0.0	1.5e-36	126.3	0.0	1.3	1.0	0.0	0.0	1.0	1.0	1.0	1.0	ISXO2-like			xoo
WP_041182741.1	IS1595-like element ISXo5 family transposase [Xanthomonas oryzae]	OTHER	1.0	0.0	0.0	0.0	0.0	0.0		100.0	321	0	0	1	321	1	321	0.0	669.0	DDE_Tnp_IS1595	PF12762.14	-	2.2e-35	122.4	0.0	3.2e-35	121.9	0.0	1.2	1.0	0.0	0.0	1.0	1.0	1.0	1.0	ISXO2-like			xoo
WP_041182775.1	IS1595-like element ISXo5 family transposase [Xanthomonas oryzae]	OTHER	1.0	0.0	0.0	0.0	0.0	0.0		100.0	321	0	0	1	321	1	321	0.0	669.0	DDE_Tnp_IS1595	PF12762.14	-	9.9e-34	117.1	0.0	1.4000000000000001e-33	116.6	0.0	1.2	1.0	0.0	0.0	1.0	1.0	1.0	1.0	ISXO2-like			xoo
WP_041182780.1	IS1595-like element ISXo5 family transposase [Xanthomonas oryzae]	OTHER	1.0	0.0	0.0	0.0	0.0	0.0		100.0	321	0	0	1	321	1	321	0.0	669.0	DDE_Tnp_IS1595	PF12762.14	-	1.4e-35	123.0	0.0	2.1e-35	122.5	0.0	1.2	1.0	0.0	0.0	1.0	1.0	1.0	1.0	ISXO2-like			xoo
WP_041182785.1	IS30 family transposase [Xanthomonas oryzae]	OTHER	1.0	0.0	0.0	0.0	0.0	0.0		100.0	320	0	0	1	320	1	320	0.0	664.0	rve	PF00665.33	-	1e-06	29.5	0.0	2.5e-06	28.2	0.0	1.6	1.0	0.0	0.0	1.0	1.0	1.0	1.0	Integrase			xoo
WP_041182811.1	IS1595-like element ISXo5 family transposase [Xanthomonas oryzae]	OTHER	1.0	0.0	0.0	0.0	0.0	0.0		100.0	321	0	0	1	321	1	321	0.0	668.0	DDE_Tnp_IS1595	PF12762.14	-	2.8e-36	125.3	0.0	4e-36	124.8	0.0	1.2	1.0	0.0	0.0	1.0	1.0	1.0	1.0	ISXO2-like			xoo
WP_041182821.1	IS30 family transposase [Xanthomonas oryzae]	OTHER	1.0	0.0	0.0	0.0	0.0	0.0		100.0	318	0	0	1	318	1	318	0.0	649.0	HTH_38	PF13936.13	-	6.3e-16	58.4	5.7	3e-15	56.2	1.0	2.6	2.0	0.0	0.0	2.0	2.0	2.0	1.0	Helix-turn-helix			xoo
WP_041182856.1	IS30-like element IS1112 family transposase [Xanthomonas oryzae]	OTHER	1.0	0.0	0.0	0.0	0.0	0.0		100.0	318	0	0	1	318	1	318	0.0	648.0	HTH_38	PF13936.13	-	1.7e-15	57.1	6.6	1e-14	54.6	1.0	2.7	2.0	0.0	0.0	2.0	2.0	2.0	2.0	Helix-turn-helix			xoo
WP_044756431.1	ISL3-like element ISXoo13 family transposase [Xanthomonas oryzae]	OTHER	1.0	0.0	0.0	0.0	0.0	0.0		100.0	411	0	0	1	411	1	411	0.0	850.0	DDE_Tnp_ISL3	PF01610.24	-	1.1000000000000002e-59	202.7	0.5	1.4000000000000001e-59	202.4	0.5	1.1	1.0	0.0	0.0	1.0	1.0	1.0	1.0	Transposase			xoo
WP_044756487.1	IS4-like element ISXo14 family transposase [Xanthomonas oryzae]	OTHER	1.0	0.0	0.0	0.0	0.0	0.0		100.0	404	0	0	1	404	1	404	0.0	802.0	DDE_Tnp_1	PF01609.28	-	1e-22	81.5	0.0	2e-22	80.5	0.0	1.5	1.0	0.0	0.0	1.0	1.0	1.0	1.0	Transposase			xoo
WP_044756993.1	IS630 family transposase [Xanthomonas oryzae]	OTHER	1.0	0.0	0.0	0.0	0.0	0.0		100.0	352	0	0	1	352	1	352	0.0	712.0	DDE_3	PF13358.13	-	2.6999999999999997e-31	109.0	0.0	3.7e-31	108.5	0.0	1.2	1.0	0.0	0.0	1.0	1.0	1.0	1.0	DDE			xoo
WP_044757045.1	IS630 family transposase [Xanthomonas oryzae]	OTHER	1.0	0.0	0.0	0.0	0.0	0.0		100.0	352	0	0	1	352	1	352	0.0	712.0	DDE_3	PF13358.13	-	1.9e-30	106.2	0.0	2.9000000000000002e-30	105.7	0.0	1.3	1.0	0.0	0.0	1.0	1.0	1.0	1.0	DDE			xoo
WP_044757078.1	type VI lipase adapter Tla3 domain-containing protein [Xanthomonas oryzae]	OTHER	1.0	0.0	0.0	0.0	0.0	0.0		100.0	565	0	0	1	565	1	565	0.0	1149.0	Tla3_C	PF20995.4	-	1.3e-50	171.6	0.0	3.2e-50	170.2	0.0	1.7	2.0	0.0	0.0	2.0	2.0	2.0	1.0	Type			xoo
WP_048485524.1	PAAR domain-containing protein [Xanthomonas oryzae]	OTHER	0.999547	0.000486	3e-06	1e-06	0.0	1e-06		100.0	87	0	0	1	87	1	87	4.23e-60	172.0	PAAR_motif	PF05488.19	-	6.8e-19	68.4	3.4	7.8e-19	68.2	3.4	1.0	1.0	0.0	0.0	1.0	1.0	1.0	1.0	PAAR			xoo
WP_069959672.1	IS5 family transposase [Xanthomonas oryzae]	OTHER	1.0	1e-06	0.0	0.0	0.0	0.0		100.0	458	0	0	1	458	1	458	0.0	927.0	DUF772	PF05598.17	-	1.8e-19	70.6	0.0	3.8e-19	69.6	0.0	1.6	1.0	0.0	0.0	1.0	1.0	1.0	1.0	Transposase			xoo
WP_069959677.1	type VI lipase adapter Tla3 domain-containing protein [Xanthomonas oryzae]	OTHER	1.0	0.0	0.0	0.0	0.0	0.0		100.0	560	0	0	1	560	1	560	0.0	1136.0	Tla3_C	PF20995.4	-	2.7e-49	167.2	0.0	6.199999999999999e-49	166.1	0.0	1.6	2.0	0.0	0.0	2.0	2.0	2.0	1.0	Type			xoo
WP_069959761.1	ISL3-like element ISXoo13 family transposase [Xanthomonas oryzae]	OTHER	1.0	0.0	0.0	0.0	0.0	0.0		100.0	411	0	0	1	411	1	411	0.0	849.0	DDE_Tnp_ISL3	PF01610.24	-	2.0000000000000002e-60	205.2	0.6	2.5e-60	204.9	0.6	1.1	1.0	0.0	0.0	1.0	1.0	1.0	1.0	Transposase			xoo
WP_069960164.1	PAAR domain-containing protein [Xanthomonas oryzae]	OTHER	0.999547	0.000486	3e-06	1e-06	0.0	1e-06		100.0	87	0	0	1	87	1	87	1.19e-59	171.0	PAAR_motif	PF05488.19	-	2.4e-18	66.6	3.3	2.8e-18	66.4	3.3	1.0	1.0	0.0	0.0	1.0	1.0	1.0	1.0	PAAR			xoo
WP_069963868.1	IS5 family transposase [Xanthomonas oryzae]	OTHER	1.0	0.0	0.0	0.0	0.0	0.0		100.0	365	0	0	1	365	1	365	0.0	755.0	DUF772	PF05598.17	-	2.5e-28	99.0	0.1	5.300000000000001e-28	98.0	0.1	1.6	1.0	0.0	0.0	1.0	1.0	1.0	1.0	Transposase			xoo
WP_069965005.1	IS5 family transposase [Xanthomonas oryzae]	OTHER	1.0	1e-06	0.0	0.0	0.0	0.0		100.0	458	0	0	1	458	1	458	0.0	927.0	DUF772	PF05598.17	-	1.9e-19	70.5	0.0	3.7e-19	69.6	0.0	1.5	1.0	0.0	0.0	1.0	1.0	1.0	1.0	Transposase			xoo
WP_070808022.1	IS5 family transposase [Xanthomonas oryzae]	OTHER	1.0	1e-06	0.0	0.0	0.0	0.0		100.0	458	0	0	1	458	1	458	0.0	927.0	DUF772	PF05598.17	-	1.3e-19	71.1	0.0	2.7e-19	70.1	0.0	1.6	1.0	0.0	0.0	1.0	1.0	1.0	1.0	Transposase			xoo
WP_075239572.1	Tox-REase-5 domain-containing protein [Xanthomonas oryzae]	OTHER	1.0	0.0	0.0	0.0	0.0	0.0		100.0	235	0	0	1	235	1	235	0.0	490.0	Tox-REase-5	PF15648.13	-	4.6e-16	59.8	1.3	4.1e-15	56.8	0.3	2.2	2.0	0.0	0.0	2.0	2.0	2.0	1.0	Restriction			xoo
WP_075239573.1	Imm52 family immunity protein [Xanthomonas oryzae]	OTHER	1.0	1.2e-05	0.0	0.0	0.0	0.0		100.0	248	0	0	1	248	1	248	0.0	513.0	Imm52	PF15579.11	-	1.2e-09	38.8	0.0	1.5e-06	28.6	0.0	2.1	2.0	0.0	0.0	2.0	2.0	2.0	2.0	Immunity			xoo
WP_075239865.1	cytochrome-c peroxidase [Xanthomonas oryzae]	OTHER	0.555549	0.439837	0.003774	0.000302	0.000217	0.000322		100.0	254	0	0	1	254	1	254	0.0	525.0	CCP_MauG	PF03150.20	-	7e-37	127.9	0.0	9.1e-37	127.6	0.0	1.1	1.0	0.0	0.0	1.0	1.0	1.0	1.0	Di-haem			xoo
WP_075244499.1	hypothetical protein [Xanthomonas oryzae]	LIPO	0.0	0.0	1.0	0.0	0.0	0.0	CS pos: 18-19. Pr: 0.9965	100.0	165	0	0	1	165	1	165	1.24e-120	331.0																					xoo
WP_080256641.1	RHS repeat protein [Xanthomonas oryzae]	OTHER	1.0	0.0	0.0	0.0	0.0	0.0		100.0	336	0	0	1	336	1	336	0.0	688.0	RHS_repeat	PF05593.20	-	1.3e-40	137.6	27.4	6.2e-08	33.4	1.5	9.0	5.0	4.0	4.0	9.0	9.0	9.0	8.0	RHS			xoo
WP_082322912.1	transposase [Xanthomonas oryzae]	OTHER	1.0	0.0	0.0	0.0	0.0	0.0		100.0	102	0	0	1	102	1	102	3.23e-73	206.0	DDE_Tnp_1_2	PF13586.13	-	1e-09	39.3	0.4	1.4e-09	38.9	0.4	1.1	1.0	0.0	0.0	1.0	1.0	1.0	1.0	Transposase			xoo
WP_082323190.1	IS701-like element ISXo15 family transposase [Xanthomonas oryzae]	OTHER	1.0	0.0	0.0	0.0	0.0	0.0		100.0	432	0	0	1	432	1	432	0.0	889.0	DDE_5	PF13546.13	-	7.2999999999999995e-84	282.1	10.4	1.1999999999999999e-83	281.4	10.4	1.4	1.0	0.0	0.0	1.0	1.0	1.0	1.0	DDE			xoo
WP_082356988.1	IS5-like element ISXoo14 family transposase [Xanthomonas oryzae]	OTHER	1.0	0.0	0.0	0.0	0.0	0.0		100.0	395	0	0	1	395	1	395	0.0	818.0	DUF772	PF05598.17	-	3.3e-28	98.6	0.1	6.100000000000001e-28	97.8	0.1	1.4	1.0	0.0	0.0	1.0	1.0	1.0	1.0	Transposase			xoo
WP_094187715.1	MULTISPECIES: IS5 family transposase [Gammaproteobacteria]	OTHER	1.0	0.0	0.0	0.0	0.0	0.0		99.606	254	1	0	1	254	1	254	0.0	530.0	DUF4096	PF13340.12	-	6.5e-21	74.9	0.6	1.2e-20	74.1	0.1	1.7	2.0	0.0	0.0	2.0	2.0	2.0	1.0	Putative			xoo
WP_094187716.1	IS5 family transposase [Xanthomonas oryzae]	OTHER	1.0	0.0	0.0	0.0	0.0	0.0		100.0	266	0	0	1	266	1	266	0.0	550.0	DDE_Tnp_1	PF01609.28	-	3.2e-30	106.0	0.1	5.1000000000000004e-30	105.3	0.1	1.3	1.0	0.0	0.0	1.0	1.0	1.0	1.0	Transposase			xoo
WP_094187724.1	IS5 family transposase [Xanthomonas oryzae]	OTHER	1.0	0.0	0.0	0.0	0.0	0.0		100.0	254	0	0	1	254	1	254	0.0	531.0	DUF4096	PF13340.12	-	8e-21	74.7	0.8	1.2e-20	74.1	0.1	1.7	2.0	0.0	0.0	2.0	2.0	2.0	1.0	Putative			xoo
WP_094187728.1	IS5 family transposase [Xanthomonas oryzae]	OTHER	1.0	0.0	0.0	0.0	0.0	0.0		100.0	266	0	0	1	266	1	266	0.0	550.0	DDE_Tnp_1	PF01609.28	-	3.5e-31	109.1	0.1	5.5e-31	108.5	0.1	1.3	1.0	0.0	0.0	1.0	1.0	1.0	1.0	Transposase			xoo
WP_094187731.1	IS5 family transposase [Xanthomonas oryzae]	OTHER	1.0	0.0	0.0	0.0	0.0	0.0		100.0	266	0	0	1	266	1	266	0.0	550.0	DDE_Tnp_1	PF01609.28	-	7.1e-31	108.1	0.1	1.1000000000000001e-30	107.5	0.1	1.3	1.0	0.0	0.0	1.0	1.0	1.0	1.0	Transposase			xoo
WP_094187735.1	IS5 family transposase [Xanthomonas oryzae]	OTHER	1.0	0.0	0.0	0.0	0.0	0.0		100.0	254	0	0	1	254	1	254	0.0	530.0	DUF4096	PF13340.12	-	6.5e-21	74.9	0.6	1.2e-20	74.1	0.1	1.7	2.0	0.0	0.0	2.0	2.0	2.0	1.0	Putative			xoo
WP_094187736.1	IS5 family transposase [Xanthomonas oryzae]	OTHER	1.0	0.0	0.0	0.0	0.0	0.0		100.0	254	0	0	1	254	1	254	0.0	530.0	DUF4096	PF13340.12	-	6.6e-21	74.9	0.6	1.2e-20	74.1	0.1	1.7	2.0	0.0	0.0	2.0	2.0	2.0	1.0	Putative			xoo
WP_094187737.1	IS5 family transposase [Xanthomonas oryzae]	OTHER	1.0	0.0	0.0	0.0	0.0	0.0		100.0	251	0	0	1	251	1	251	0.0	520.0	DDE_Tnp_1	PF01609.28	-	5e-28	98.8	0.4	7.600000000000001e-28	98.2	0.3	1.4	2.0	0.0	0.0	2.0	2.0	2.0	1.0	Transposase			xoo
WP_094187753.1	IS5 family transposase [Xanthomonas oryzae]	OTHER	1.0	0.0	0.0	0.0	0.0	0.0		100.0	266	0	0	1	266	1	266	0.0	550.0	DDE_Tnp_1	PF01609.28	-	7.000000000000001e-31	108.1	0.1	1.1000000000000001e-30	107.5	0.1	1.3	1.0	0.0	0.0	1.0	1.0	1.0	1.0	Transposase			xoo
WP_094187758.1	IS5 family transposase [Xanthomonas oryzae]	OTHER	1.0	0.0	0.0	0.0	0.0	0.0		100.0	266	0	0	1	266	1	266	0.0	550.0	DDE_Tnp_1	PF01609.28	-	7.000000000000001e-31	108.1	0.1	1.1000000000000001e-30	107.5	0.1	1.3	1.0	0.0	0.0	1.0	1.0	1.0	1.0	Transposase			xoo
WP_094187763.1	MULTISPECIES: IS5 family transposase [Gammaproteobacteria]	OTHER	1.0	0.0	0.0	0.0	0.0	0.0		100.0	266	0	0	1	266	1	266	0.0	551.0	DDE_Tnp_1	PF01609.28	-	7.1e-31	108.1	0.1	1.1000000000000001e-30	107.5	0.1	1.3	1.0	0.0	0.0	1.0	1.0	1.0	1.0	Transposase			xoo
WP_094187765.1	IS5 family transposase [Xanthomonas oryzae]	OTHER	1.0	0.0	0.0	0.0	0.0	0.0		100.0	254	0	0	1	254	1	254	0.0	531.0	DUF4096	PF13340.12	-	3.7e-21	75.7	0.6	6.3e-21	75.0	0.1	1.7	2.0	0.0	0.0	2.0	2.0	2.0	1.0	Putative			xoo
WP_094187766.1	IS5 family transposase [Xanthomonas oryzae]	OTHER	1.0	0.0	0.0	0.0	0.0	0.0		100.0	266	0	0	1	266	1	266	0.0	549.0	DDE_Tnp_1	PF01609.28	-	7.1e-31	108.1	0.1	1.1000000000000001e-30	107.5	0.1	1.3	1.0	0.0	0.0	1.0	1.0	1.0	1.0	Transposase			xoo
WP_094187777.1	IS5 family transposase [Xanthomonas oryzae]	OTHER	1.0	0.0	0.0	0.0	0.0	0.0		100.0	266	0	0	1	266	1	266	0.0	550.0	DDE_Tnp_1	PF01609.28	-	3.5e-31	109.1	0.1	5.5e-31	108.5	0.1	1.3	1.0	0.0	0.0	1.0	1.0	1.0	1.0	Transposase			xoo
WP_094187784.1	IS5 family transposase [Xanthomonas oryzae]	OTHER	1.0	0.0	0.0	0.0	0.0	0.0		100.0	254	0	0	1	254	1	254	0.0	530.0	DUF4096	PF13340.12	-	6.5e-21	74.9	0.6	1.2e-20	74.1	0.1	1.7	2.0	0.0	0.0	2.0	2.0	2.0	1.0	Putative			xoo
WP_094187801.1	IS5 family transposase [Xanthomonas oryzae]	OTHER	1.0	0.0	0.0	0.0	0.0	0.0		100.0	266	0	0	1	266	1	266	0.0	550.0	DDE_Tnp_1	PF01609.28	-	7.1e-31	108.1	0.1	1.1000000000000001e-30	107.5	0.1	1.3	1.0	0.0	0.0	1.0	1.0	1.0	1.0	Transposase			xoo
WP_099051268.1	IS5 family transposase [Xanthomonas oryzae]	OTHER	1.0	0.0	0.0	0.0	0.0	0.0		100.0	254	0	0	1	254	1	254	0.0	530.0	DUF4096	PF13340.12	-	6.6e-21	74.9	0.6	1.2e-20	74.1	0.1	1.7	2.0	0.0	0.0	2.0	2.0	2.0	1.0	Putative			xoo
WP_099051275.1	IS5 family transposase [Xanthomonas oryzae]	OTHER	1.0	0.0	0.0	0.0	0.0	0.0		100.0	266	0	0	1	266	1	266	0.0	550.0	DDE_Tnp_1	PF01609.28	-	6.8999999999999995e-31	108.2	0.1	1.1000000000000001e-30	107.5	0.1	1.3	1.0	0.0	0.0	1.0	1.0	1.0	1.0	Transposase			xoo
WP_099051287.1	IS5 family transposase [Xanthomonas oryzae]	OTHER	1.0	0.0	0.0	0.0	0.0	0.0		100.0	254	0	0	1	254	1	254	0.0	530.0	DUF4096	PF13340.12	-	6.6e-21	74.9	0.6	1.2e-20	74.1	0.1	1.7	2.0	0.0	0.0	2.0	2.0	2.0	1.0	Putative			xoo
WP_099051291.1	IS5 family transposase [Xanthomonas oryzae]	OTHER	1.0	0.0	0.0	0.0	0.0	0.0		100.0	266	0	0	1	266	1	266	0.0	550.0	DDE_Tnp_1	PF01609.28	-	6.6e-28	98.4	0.1	1e-27	97.8	0.1	1.3	1.0	0.0	0.0	1.0	1.0	1.0	1.0	Transposase			xoo
WP_099051298.1	IS5 family transposase [Xanthomonas oryzae]	OTHER	1.0	0.0	0.0	0.0	0.0	0.0		100.0	266	0	0	1	266	1	266	0.0	551.0	DDE_Tnp_1	PF01609.28	-	7.000000000000001e-31	108.1	0.2	1.1000000000000001e-30	107.5	0.1	1.4	2.0	0.0	0.0	2.0	2.0	2.0	1.0	Transposase			xoo
WP_099051302.1	IS5 family transposase [Xanthomonas oryzae]	OTHER	1.0	0.0	0.0	0.0	0.0	0.0		100.0	266	0	0	1	266	1	266	0.0	550.0	DDE_Tnp_1	PF01609.28	-	3.5e-31	109.1	0.1	5.5e-31	108.5	0.1	1.3	1.0	0.0	0.0	1.0	1.0	1.0	1.0	Transposase			xoo
WP_099051311.1	IS5 family transposase [Xanthomonas oryzae]	OTHER	1.0	0.0	0.0	0.0	0.0	0.0		100.0	266	0	0	1	266	1	266	0.0	551.0	DDE_Tnp_1	PF01609.28	-	1.2000000000000001e-30	107.3	0.2	1.9e-30	106.7	0.1	1.3	2.0	0.0	0.0	2.0	2.0	2.0	1.0	Transposase			xoo
WP_099051312.1	IS5 family transposase [Xanthomonas oryzae]	OTHER	1.0	0.0	0.0	0.0	0.0	0.0		100.0	254	0	0	1	254	1	254	0.0	530.0	DUF4096	PF13340.12	-	6.5e-21	74.9	0.6	1.2e-20	74.1	0.1	1.7	2.0	0.0	0.0	2.0	2.0	2.0	1.0	Putative			xoo
WP_109181925.1	IS5 family transposase [Xanthomonas oryzae]	OTHER	1.0	0.0	0.0	0.0	0.0	0.0		99.606	254	1	0	1	254	1	254	0.0	529.0	DUF4096	PF13340.12	-	6.5e-21	74.9	0.6	1.2e-20	74.1	0.1	1.7	2.0	0.0	0.0	2.0	2.0	2.0	1.0	Putative			xoo
WP_109181928.1	MULTISPECIES: IS1595-like element ISXo5 family transposase [Gammaproteobacteria]	OTHER	1.0	0.0	0.0	0.0	0.0	0.0		100.0	321	0	0	1	321	1	321	0.0	669.0	DDE_Tnp_IS1595	PF12762.14	-	1e-36	126.8	0.0	1.5e-36	126.3	0.0	1.2	1.0	0.0	0.0	1.0	1.0	1.0	1.0	ISXO2-like			xoo
WP_109181945.1	IS5 family transposase [Xanthomonas oryzae]	OTHER	1.0	0.0	0.0	0.0	0.0	0.0		100.0	254	0	0	1	254	1	254	0.0	529.0	DUF4096	PF13340.12	-	6.5e-21	74.9	0.6	1.2e-20	74.1	0.1	1.7	2.0	0.0	0.0	2.0	2.0	2.0	1.0	Putative			xoo
WP_109181955.1	IS630 family transposase [Xanthomonas oryzae]	OTHER	1.0	0.0	0.0	0.0	0.0	0.0		100.0	352	0	0	1	352	1	352	0.0	711.0	DDE_3	PF13358.13	-	8.999999999999999e-32	110.5	0.0	1.2e-31	110.1	0.0	1.2	1.0	0.0	0.0	1.0	1.0	1.0	1.0	DDE			xoo
WP_109181970.1	IS1595-like element ISXo5 family transposase [Xanthomonas oryzae]	OTHER	1.0	0.0	0.0	0.0	0.0	0.0		100.0	321	0	0	1	321	1	321	0.0	669.0	DDE_Tnp_IS1595	PF12762.14	-	1e-36	126.8	0.0	1.5e-36	126.3	0.0	1.2	1.0	0.0	0.0	1.0	1.0	1.0	1.0	ISXO2-like			xoo
WP_109182013.1	IS1595-like element ISXo5 family transposase [Xanthomonas oryzae]	OTHER	1.0	0.0	0.0	0.0	0.0	0.0		100.0	321	0	0	1	321	1	321	0.0	668.0	DDE_Tnp_IS1595	PF12762.14	-	4.1e-34	118.3	0.0	5.9e-34	117.8	0.0	1.2	1.0	0.0	0.0	1.0	1.0	1.0	1.0	ISXO2-like			xoo
WP_109182023.1	IS5 family transposase [Xanthomonas oryzae]	OTHER	1.0	0.0	0.0	0.0	0.0	0.0		100.0	266	0	0	1	266	1	266	0.0	550.0	DDE_Tnp_1	PF01609.28	-	3.3999999999999997e-31	109.2	0.1	5.3e-31	108.5	0.1	1.3	1.0	0.0	0.0	1.0	1.0	1.0	1.0	Transposase			xoo
WP_109182027.1	IS1595-like element ISXo5 family transposase [Xanthomonas oryzae]	OTHER	1.0	0.0	0.0	0.0	0.0	0.0		100.0	321	0	0	1	321	1	321	0.0	668.0	DDE_Tnp_IS1595	PF12762.14	-	1e-36	126.8	0.0	1.5e-36	126.3	0.0	1.2	1.0	0.0	0.0	1.0	1.0	1.0	1.0	ISXO2-like			xoo
WP_109182041.1	IS5 family transposase [Xanthomonas oryzae]	OTHER	1.0	0.0	0.0	0.0	0.0	0.0		100.0	266	0	0	1	266	1	266	0.0	550.0	DDE_Tnp_1	PF01609.28	-	3.2e-30	106.0	0.1	5.1000000000000004e-30	105.3	0.1	1.3	1.0	0.0	0.0	1.0	1.0	1.0	1.0	Transposase			xoo
WP_109182067.1	IS1595-like element ISXo5 family transposase [Xanthomonas oryzae]	OTHER	1.0	0.0	0.0	0.0	0.0	0.0		100.0	321	0	0	1	321	1	321	0.0	669.0	DDE_Tnp_IS1595	PF12762.14	-	4.1e-34	118.3	0.0	5.9e-34	117.8	0.0	1.2	1.0	0.0	0.0	1.0	1.0	1.0	1.0	ISXO2-like			xoo
WP_109182069.1	IS701-like element ISXo15 family transposase [Xanthomonas oryzae]	OTHER	1.0	0.0	0.0	0.0	0.0	0.0		100.0	439	0	0	1	439	1	439	0.0	904.0	DDE_5	PF13546.13	-	6e-85	285.7	10.0	9.3e-85	285.0	10.0	1.3	1.0	0.0	0.0	1.0	1.0	1.0	1.0	DDE			xoo
WP_109182089.1	IS701-like element ISXo15 family transposase [Xanthomonas oryzae]	OTHER	1.0	0.0	0.0	0.0	0.0	0.0		100.0	439	0	0	1	439	1	439	0.0	903.0	DDE_5	PF13546.13	-	1.1e-84	284.9	10.5	1.6999999999999999e-84	284.2	10.5	1.3	1.0	0.0	0.0	1.0	1.0	1.0	1.0	DDE			xoo
WP_113118208.1	PAAR domain-containing protein [Xanthomonas oryzae]	OTHER	0.999995	1e-06	4e-06	0.0	0.0	0.0		100.0	41	0	0	1	41	1	41	5.34e-26	82.8	PAAR_motif	PF05488.19	-	4.3e-07	30.5	0.1	4.7e-07	30.4	0.1	1.1	1.0	0.0	0.0	1.0	1.0	1.0	1.0	PAAR			xoo
WP_115801888.1	IS701-like element ISXo15 family transposase [Xanthomonas oryzae]	OTHER	1.0	0.0	0.0	0.0	0.0	0.0		100.0	439	0	0	1	439	1	439	0.0	903.0	DDE_5	PF13546.13	-	8.2e-85	285.2	9.7	1.4e-84	284.4	9.7	1.4	1.0	0.0	0.0	1.0	1.0	1.0	1.0	DDE			xoo
WP_115801893.1	IS1595-like element ISXo5 family transposase [Xanthomonas oryzae]	OTHER	1.0	0.0	0.0	0.0	0.0	0.0		100.0	321	0	0	1	321	1	321	0.0	669.0	DDE_Tnp_IS1595	PF12762.14	-	2.3e-36	125.6	0.0	3.3e-36	125.1	0.0	1.2	1.0	0.0	0.0	1.0	1.0	1.0	1.0	ISXO2-like			xoo
WP_115840174.1	IS1595-like element ISXo5 family transposase [Xanthomonas oryzae]	OTHER	1.0	0.0	0.0	0.0	0.0	0.0		100.0	321	0	0	1	321	1	321	0.0	668.0	DDE_Tnp_IS1595	PF12762.14	-	1e-36	126.8	0.0	1.5e-36	126.3	0.0	1.2	1.0	0.0	0.0	1.0	1.0	1.0	1.0	ISXO2-like			xoo
WP_115840195.1	IS1595-like element ISXo5 family transposase [Xanthomonas oryzae]	OTHER	1.0	0.0	0.0	0.0	0.0	0.0		100.0	321	0	0	1	321	1	321	0.0	667.0	DDE_Tnp_IS1595	PF12762.14	-	4.1e-34	118.3	0.0	5.9e-34	117.8	0.0	1.2	1.0	0.0	0.0	1.0	1.0	1.0	1.0	ISXO2-like			xoo
WP_115862280.1	IS701 family transposase [Xanthomonas oryzae]	OTHER	1.0	0.0	0.0	0.0	0.0	0.0		100.0	439	0	0	1	439	1	439	0.0	904.0	DDE_5	PF13546.13	-	4.9e-83	279.4	10.1	7.5e-83	278.8	10.1	1.3	1.0	0.0	0.0	1.0	1.0	1.0	1.0	DDE			xoo
WP_115877336.1	IS1595-like element ISXo5 family transposase [Xanthomonas oryzae]	OTHER	1.0	0.0	0.0	0.0	0.0	0.0		100.0	321	0	0	1	321	1	321	0.0	669.0	DDE_Tnp_IS1595	PF12762.14	-	9.6e-37	126.8	0.0	1.5e-36	126.3	0.0	1.3	1.0	0.0	0.0	1.0	1.0	1.0	1.0	ISXO2-like			xoo
WP_115877339.1	IS1595-like element ISXo5 family transposase [Xanthomonas oryzae]	OTHER	1.0	0.0	0.0	0.0	0.0	0.0		100.0	321	0	0	1	321	1	321	0.0	669.0	DDE_Tnp_IS1595	PF12762.14	-	1.8e-36	126.0	0.0	2.6e-36	125.5	0.0	1.2	1.0	0.0	0.0	1.0	1.0	1.0	1.0	ISXO2-like			xoo
WP_115877340.1	IS701 family transposase [Xanthomonas oryzae]	OTHER	1.0	0.0	0.0	0.0	0.0	0.0		100.0	439	0	0	1	439	1	439	0.0	903.0	DDE_5	PF13546.13	-	3.3e-84	283.2	9.9	5.5e-84	282.5	9.9	1.4	1.0	0.0	0.0	1.0	1.0	1.0	1.0	DDE			xoo
WP_115877350.1	IS701-like element ISXo15 family transposase [Xanthomonas oryzae]	OTHER	1.0	0.0	0.0	0.0	0.0	0.0		100.0	439	0	0	1	439	1	439	0.0	903.0	DDE_5	PF13546.13	-	5e-85	285.9	10.0	9.3e-85	285.0	10.0	1.4	1.0	0.0	0.0	1.0	1.0	1.0	1.0	DDE			xoo
WP_115877358.1	IS701-like element ISXo15 family transposase [Xanthomonas oryzae]	OTHER	1.0	0.0	0.0	0.0	0.0	0.0		100.0	439	0	0	1	439	1	439	0.0	903.0	DDE_5	PF13546.13	-	3.4e-83	279.9	10.1	6.9e-83	278.9	10.1	1.5	1.0	0.0	0.0	1.0	1.0	1.0	1.0	DDE			xoo
WP_115877360.1	IS701-like element ISXo15 family transposase [Xanthomonas oryzae]	OTHER	1.0	0.0	0.0	0.0	0.0	0.0		100.0	439	0	0	1	439	1	439	0.0	904.0	DDE_5	PF13546.13	-	6.199999999999999e-85	285.6	9.8	9.6e-85	285.0	9.8	1.3	1.0	0.0	0.0	1.0	1.0	1.0	1.0	DDE			xoo
WP_115877362.1	IS701-like element ISXo15 family transposase [Xanthomonas oryzae]	OTHER	1.0	0.0	0.0	0.0	0.0	0.0		100.0	439	0	0	1	439	1	439	0.0	903.0	DDE_5	PF13546.13	-	9.6e-84	281.7	9.6	1.7e-83	280.9	9.6	1.4	1.0	0.0	0.0	1.0	1.0	1.0	1.0	DDE			xoo
WP_115877367.1	IS701 family transposase [Xanthomonas oryzae]	OTHER	1.0	0.0	0.0	0.0	0.0	0.0		100.0	439	0	0	1	439	1	439	0.0	903.0	DDE_5	PF13546.13	-	1.3999999999999998e-82	277.9	10.0	2.3999999999999998e-82	277.1	10.0	1.4	1.0	0.0	0.0	1.0	1.0	1.0	1.0	DDE			xoo
WP_115877369.1	IS701-like element ISXo15 family transposase [Xanthomonas oryzae]	OTHER	1.0	0.0	0.0	0.0	0.0	0.0		100.0	439	0	0	1	439	1	439	0.0	904.0	DDE_5	PF13546.13	-	2.9e-83	280.2	9.8	4.6e-83	279.5	9.8	1.3	1.0	0.0	0.0	1.0	1.0	1.0	1.0	DDE			xoo
WP_115877372.1	IS1595-like element ISXo5 family transposase [Xanthomonas oryzae]	OTHER	1.0	0.0	0.0	0.0	0.0	0.0		100.0	321	0	0	1	321	1	321	0.0	669.0	DDE_Tnp_IS1595	PF12762.14	-	4.1e-34	118.3	0.0	5.9e-34	117.8	0.0	1.2	1.0	0.0	0.0	1.0	1.0	1.0	1.0	ISXO2-like			xoo
WP_115877377.1	IS1595-like element ISXo5 family transposase [Xanthomonas oryzae]	OTHER	1.0	0.0	0.0	0.0	0.0	0.0		100.0	321	0	0	1	321	1	321	0.0	668.0	DDE_Tnp_IS1595	PF12762.14	-	4.0000000000000006e-34	118.4	0.0	5.9e-34	117.8	0.0	1.3	1.0	0.0	0.0	1.0	1.0	1.0	1.0	ISXO2-like			xoo
WP_115877379.1	IS1595-like element ISXo5 family transposase [Xanthomonas oryzae]	OTHER	1.0	0.0	0.0	0.0	0.0	0.0		100.0	321	0	0	1	321	1	321	0.0	669.0	DDE_Tnp_IS1595	PF12762.14	-	9.8e-37	126.8	0.0	1.5e-36	126.3	0.0	1.3	1.0	0.0	0.0	1.0	1.0	1.0	1.0	ISXO2-like			xoo
WP_115877386.1	IS701-like element ISXo15 family transposase [Xanthomonas oryzae]	OTHER	1.0	0.0	0.0	0.0	0.0	0.0		100.0	439	0	0	1	439	1	439	0.0	903.0	DDE_5	PF13546.13	-	6e-85	285.7	9.7	9.999999999999999e-85	284.9	9.7	1.4	1.0	0.0	0.0	1.0	1.0	1.0	1.0	DDE			xoo
WP_115877398.1	IS701-like element ISXo15 family transposase [Xanthomonas oryzae]	OTHER	1.0	0.0	0.0	0.0	0.0	0.0		100.0	439	0	0	1	439	1	439	0.0	904.0	DDE_5	PF13546.13	-	1.9e-84	284.1	10.5	3.3e-84	283.3	10.5	1.4	1.0	0.0	0.0	1.0	1.0	1.0	1.0	DDE			xoo
WP_115877399.1	IS1595-like element ISXo5 family transposase [Xanthomonas oryzae]	OTHER	1.0	0.0	0.0	0.0	0.0	0.0		100.0	321	0	0	1	321	1	321	0.0	669.0	DDE_Tnp_IS1595	PF12762.14	-	9.3e-37	126.9	0.0	1.3e-36	126.4	0.0	1.2	1.0	0.0	0.0	1.0	1.0	1.0	1.0	ISXO2-like			xoo
WP_115877400.1	IS1595-like element ISXo5 family transposase [Xanthomonas oryzae]	OTHER	1.0	0.0	0.0	0.0	0.0	0.0		100.0	321	0	0	1	321	1	321	0.0	669.0	DDE_Tnp_IS1595	PF12762.14	-	1.8e-36	125.9	0.0	2.6e-36	125.4	0.0	1.2	1.0	0.0	0.0	1.0	1.0	1.0	1.0	ISXO2-like			xoo
WP_117231484.1	ISL3-like element ISXoo13 family transposase [Xanthomonas oryzae]	OTHER	1.0	0.0	0.0	0.0	0.0	0.0		100.0	411	0	0	1	411	1	411	0.0	849.0	DDE_Tnp_ISL3	PF01610.24	-	3.3000000000000004e-60	204.5	0.4	4.1e-60	204.1	0.4	1.1	1.0	0.0	0.0	1.0	1.0	1.0	1.0	Transposase			xoo
WP_117231488.1	IS701-like element ISXo15 family transposase [Xanthomonas oryzae]	OTHER	1.0	0.0	0.0	0.0	0.0	0.0		100.0	439	0	0	1	439	1	439	0.0	903.0	DDE_5	PF13546.13	-	1.9e-84	284.0	10.5	3.3e-84	283.3	10.5	1.4	1.0	0.0	0.0	1.0	1.0	1.0	1.0	DDE			xoo
WP_117231607.1	IS5 family transposase [Xanthomonas oryzae]	OTHER	1.0	0.0	0.0	0.0	0.0	0.0		100.0	254	0	0	1	254	1	254	0.0	530.0	DUF4096	PF13340.12	-	5e-21	75.3	0.6	8.9e-21	74.5	0.1	1.7	2.0	0.0	0.0	2.0	2.0	2.0	1.0	Putative			xoo
WP_117231608.1	IS5 family transposase [Xanthomonas oryzae]	OTHER	1.0	0.0	0.0	0.0	0.0	0.0		100.0	254	0	0	1	254	1	254	0.0	530.0	DUF4096	PF13340.12	-	6.4e-21	75.0	0.6	1.2e-20	74.1	0.1	1.7	2.0	0.0	0.0	2.0	2.0	2.0	1.0	Putative			xoo
WP_125168734.1	RHS repeat domain-containing protein [Xanthomonas oryzae]	SP	0.059359	0.930323	0.00926	0.000479	0.000281	0.000282	CS pos: 42-43. Pr: 0.8611	100.0	92	0	0	1	92	1	92	5.84e-65	185.0																					xoo
WP_128415342.1	hypothetical protein [Xanthomonas oryzae]	LIPO	0.0	1e-06	1.0	0.0	0.0	0.0	CS pos: 18-19. Pr: 0.9943	100.0	159	0	0	1	159	1	159	8.37e-118	323.0																					xoo
WP_129215533.1	IS5 family transposase [Xanthomonas oryzae]	OTHER	1.0	0.0	0.0	0.0	0.0	0.0		100.0	254	0	0	1	254	1	254	0.0	530.0	DUF4096	PF13340.12	-	6.5e-21	75.0	0.6	1.2e-20	74.1	0.1	1.7	2.0	0.0	0.0	2.0	2.0	2.0	1.0	Putative			xoo
WP_129215534.1	IS701-like element ISXo15 family transposase [Xanthomonas oryzae]	OTHER	1.0	0.0	0.0	0.0	0.0	0.0		100.0	439	0	0	1	439	1	439	0.0	904.0	DDE_5	PF13546.13	-	5.8e-85	285.7	10.0	9.3e-85	285.0	10.0	1.3	1.0	0.0	0.0	1.0	1.0	1.0	1.0	DDE			xoo
WP_129215535.1	IS701 family transposase [Xanthomonas oryzae]	OTHER	1.0	0.0	0.0	0.0	0.0	0.0		100.0	439	0	0	1	439	1	439	0.0	904.0	DDE_5	PF13546.13	-	5.7e-84	282.5	9.8	8.8e-84	281.8	9.8	1.3	1.0	0.0	0.0	1.0	1.0	1.0	1.0	DDE			xoo
WP_129215537.1	IS1595-like element ISXo5 family transposase [Xanthomonas oryzae]	OTHER	1.0	0.0	0.0	0.0	0.0	0.0		100.0	321	0	0	1	321	1	321	0.0	669.0	DDE_Tnp_IS1595	PF12762.14	-	9.500000000000001e-37	126.9	0.0	1.5e-36	126.3	0.0	1.3	1.0	0.0	0.0	1.0	1.0	1.0	1.0	ISXO2-like			xoo
WP_129215540.1	type VI secretion system Vgr family protein [Xanthomonas oryzae]	OTHER	1.0	0.0	0.0	0.0	0.0	0.0		100.0	906	0	0	1	906	1	906	0.0	1831.0	Phage_GPD	PF05954.18	-	6.1e-67	226.5	4.2	6.1e-67	226.5	4.2	1.9	2.0	0.0	0.0	2.0	2.0	2.0	1.0	Phage	possible_virulence		xoo
WP_129215542.1	IS1595-like element ISXo5 family transposase [Xanthomonas oryzae]	OTHER	1.0	0.0	0.0	0.0	0.0	0.0		100.0	321	0	0	1	321	1	321	0.0	668.0	DDE_Tnp_IS1595	PF12762.14	-	2.8e-35	122.1	0.0	4.2999999999999996e-35	121.5	0.0	1.3	1.0	0.0	0.0	1.0	1.0	1.0	1.0	ISXO2-like			xoo
WP_129215543.1	IS701-like element ISXo15 family transposase [Xanthomonas oryzae]	OTHER	1.0	0.0	0.0	0.0	0.0	0.0		100.0	439	0	0	1	439	1	439	0.0	905.0	DDE_5	PF13546.13	-	1.1e-84	284.9	10.3	1.6999999999999999e-84	284.2	10.3	1.3	1.0	0.0	0.0	1.0	1.0	1.0	1.0	DDE			xoo
WP_129215544.1	IS5 family transposase [Xanthomonas oryzae]	OTHER	1.0	0.0	0.0	0.0	0.0	0.0		100.0	254	0	0	1	254	1	254	0.0	530.0	DUF4096	PF13340.12	-	6.2e-21	75.0	0.6	1.1e-20	74.2	0.1	1.7	2.0	0.0	0.0	2.0	2.0	2.0	1.0	Putative			xoo
WP_129215546.1	IS5 family transposase [Xanthomonas oryzae]	OTHER	1.0	0.0	0.0	0.0	0.0	0.0		100.0	244	0	0	1	244	1	244	0.0	509.0	DDE_Tnp_1	PF01609.28	-	2.1e-19	70.7	0.9	1.5e-17	64.6	0.9	2.1	1.0	1.0	0.0	1.0	1.0	1.0	1.0	Transposase			xoo
WP_129215550.1	IS1595-like element ISXo5 family transposase [Xanthomonas oryzae]	OTHER	1.0	0.0	0.0	0.0	0.0	0.0		100.0	321	0	0	1	321	1	321	0.0	669.0	DDE_Tnp_IS1595	PF12762.14	-	4e-33	115.1	0.0	6e-33	114.5	0.0	1.3	1.0	0.0	0.0	1.0	1.0	1.0	1.0	ISXO2-like			xoo
WP_129215551.1	ISL3-like element ISXoo13 family transposase [Xanthomonas oryzae]	OTHER	1.0	0.0	0.0	0.0	0.0	0.0		100.0	411	0	0	1	411	1	411	0.0	849.0	DDE_Tnp_ISL3	PF01610.24	-	2.3000000000000002e-59	201.7	0.4	2.9e-59	201.4	0.4	1.1	1.0	0.0	0.0	1.0	1.0	1.0	1.0	Transposase			xoo
WP_129215552.1	IS701-like element ISXo15 family transposase [Xanthomonas oryzae]	OTHER	1.0	0.0	0.0	0.0	0.0	0.0		100.0	439	0	0	1	439	1	439	0.0	905.0	DDE_5	PF13546.13	-	1.1e-84	284.9	10.3	1.6999999999999999e-84	284.2	10.3	1.3	1.0	0.0	0.0	1.0	1.0	1.0	1.0	DDE			xoo
WP_129215553.1	IS701-like element ISXo15 family transposase [Xanthomonas oryzae]	OTHER	1.0	0.0	0.0	0.0	0.0	0.0		100.0	439	0	0	1	439	1	439	0.0	903.0	DDE_5	PF13546.13	-	1.9e-84	284.1	10.5	3.3e-84	283.3	10.5	1.4	1.0	0.0	0.0	1.0	1.0	1.0	1.0	DDE			xoo
WP_129215554.1	IS5 family transposase [Xanthomonas oryzae]	OTHER	1.0	0.0	0.0	0.0	0.0	0.0		100.0	254	0	0	1	254	1	254	0.0	530.0	DUF4096	PF13340.12	-	5e-21	75.3	0.6	8.9e-21	74.5	0.1	1.7	2.0	0.0	0.0	2.0	2.0	2.0	1.0	Putative			xoo
WP_129215558.1	IS701 family transposase [Xanthomonas oryzae]	OTHER	1.0	0.0	0.0	0.0	0.0	0.0		100.0	439	0	0	1	439	1	439	0.0	902.0	DDE_5	PF13546.13	-	5.8e-85	285.7	9.8	9.6e-85	285.0	9.8	1.4	1.0	0.0	0.0	1.0	1.0	1.0	1.0	DDE			xoo
WP_129215560.1	IS5 family transposase [Xanthomonas oryzae]	OTHER	1.0	0.0	0.0	0.0	0.0	0.0		100.0	266	0	0	1	266	1	266	0.0	551.0	DDE_Tnp_1	PF01609.28	-	2.4e-31	109.6	0.1	3.8e-31	109.0	0.1	1.3	1.0	0.0	0.0	1.0	1.0	1.0	1.0	Transposase			xoo
WP_129215561.1	IS1595-like element ISXo5 family transposase [Xanthomonas oryzae]	OTHER	1.0	0.0	0.0	0.0	0.0	0.0		100.0	321	0	0	1	321	1	321	0.0	667.0	DDE_Tnp_IS1595	PF12762.14	-	4.1e-33	115.0	0.0	6e-33	114.5	0.0	1.2	1.0	0.0	0.0	1.0	1.0	1.0	1.0	ISXO2-like			xoo
WP_129215562.1	IS5 family transposase [Xanthomonas oryzae]	OTHER	1.0	0.0	0.0	0.0	0.0	0.0		100.0	266	0	0	1	266	1	266	0.0	550.0	DDE_Tnp_1	PF01609.28	-	1.1000000000000001e-30	107.5	0.2	1.7e-30	106.8	0.2	1.3	1.0	0.0	0.0	1.0	1.0	1.0	1.0	Transposase			xoo
WP_129215563.1	IS1595-like element ISXo5 family transposase [Xanthomonas oryzae]	OTHER	1.0	0.0	0.0	0.0	0.0	0.0		100.0	321	0	0	1	321	1	321	0.0	669.0	DDE_Tnp_IS1595	PF12762.14	-	4e-33	115.1	0.0	5.7e-33	114.6	0.0	1.2	1.0	0.0	0.0	1.0	1.0	1.0	1.0	ISXO2-like			xoo
WP_129215565.1	IS4 family transposase [Xanthomonas oryzae]	OTHER	1.0	0.0	0.0	0.0	0.0	0.0		100.0	401	0	0	1	401	1	401	0.0	797.0	DDE_Tnp_1	PF01609.28	-	8.199999999999999e-24	85.1	0.7	2e-22	80.5	0.0	2.2	2.0	0.0	0.0	2.0	2.0	2.0	2.0	Transposase			xoo
WP_129215567.1	IS5 family transposase [Xanthomonas oryzae]	OTHER	1.0	0.0	0.0	0.0	0.0	0.0		100.0	266	0	0	1	266	1	266	0.0	550.0	DDE_Tnp_1	PF01609.28	-	3.5e-31	109.1	0.1	5.5e-31	108.5	0.1	1.3	1.0	0.0	0.0	1.0	1.0	1.0	1.0	Transposase			xoo
WP_129215568.1	IS5 family transposase [Xanthomonas oryzae]	OTHER	1.0	0.0	0.0	0.0	0.0	0.0		100.0	266	0	0	1	266	1	266	0.0	550.0	DDE_Tnp_1	PF01609.28	-	3.5e-31	109.1	0.1	5.5e-31	108.5	0.1	1.3	1.0	0.0	0.0	1.0	1.0	1.0	1.0	Transposase			xoo
WP_129215569.1	T6SS effector phospholipase Tle3 domain-containing protein [Xanthomonas oryzae]	OTHER	1.0	4e-06	0.0	0.0	0.0	0.0		100.0	734	0	0	1	734	1	734	0.0	1525.0	Tle3	PF24322.3	-	2e-89	300.8	0.0	2.8000000000000002e-89	300.4	0.0	1.1	1.0	0.0	0.0	1.0	1.0	1.0	1.0	T6SS	possible_virulence	T3E_or_secreted_candidate	xoo
WP_129215570.1	T6SS effector phospholipase Tle3 domain-containing protein [Xanthomonas oryzae]	OTHER	1.0	9e-06	0.0	0.0	0.0	0.0		100.0	734	0	0	1	734	1	734	0.0	1525.0	Tle3	PF24322.3	-	4.299999999999999e-90	303.0	0.0	5.899999999999999e-90	302.6	0.0	1.1	1.0	0.0	0.0	1.0	1.0	1.0	1.0	T6SS	possible_virulence	T3E_or_secreted_candidate	xoo
WP_129215571.1	type VI lipase adapter Tla3 domain-containing protein [Xanthomonas oryzae]	OTHER	1.0	0.0	0.0	0.0	0.0	0.0		100.0	563	0	0	1	563	1	563	0.0	1148.0	Tla3_C	PF20995.4	-	2.4e-50	170.6	0.0	5.1e-50	169.6	0.0	1.6	1.0	0.0	0.0	1.0	1.0	1.0	1.0	Type			xoo
WP_129215572.1	T6SS effector phospholipase Tle3 domain-containing protein [Xanthomonas oryzae]	OTHER	1.0	9e-06	0.0	0.0	0.0	0.0		100.0	720	0	0	1	720	1	720	0.0	1500.0	Tle3	PF24322.3	-	8.899999999999999e-91	305.3	0.0	1.2999999999999998e-90	304.8	0.0	1.2	1.0	0.0	0.0	1.0	1.0	1.0	1.0	T6SS	possible_virulence	T3E_or_secreted_candidate	xoo
WP_129215573.1	type VI lipase adapter Tla3 domain-containing protein [Xanthomonas oryzae]	OTHER	1.0	0.0	0.0	0.0	0.0	0.0		100.0	558	0	0	1	558	1	558	0.0	1132.0	Tla3_C	PF20995.4	-	1.4e-50	171.5	0.0	3.1e-50	170.3	0.0	1.6	2.0	0.0	0.0	2.0	2.0	2.0	1.0	Type			xoo
WP_129215581.1	DUF3304 domain-containing protein [Xanthomonas oryzae]	LIPO	0.003863	0.094658	0.901009	0.000394	7.8e-05	2.4e-05	CS pos: 35-36. Pr: 0.9939	100.0	198	0	0	1	198	1	198	9.1e-149	405.0	DUF3304	PF11745.14	-	7.900000000000001e-22	78.1	0.0	1.1e-21	77.7	0.0	1.2	1.0	0.0	0.0	1.0	1.0	1.0	1.0	Protein			xoo
WP_129215582.1	T6SS phospholipase effector Tle1-like catalytic domain-containing protein [Xanthomonas oryzae]	OTHER	1.0	0.0	0.0	0.0	0.0	0.0		100.0	743	0	0	1	743	1	743	0.0	1529.0	T6SS_Tle1-like_cat	PF09994.15	-	7.999999999999999e-26	91.6	0.0	6.5e-13	49.2	0.0	3.4	3.0	0.0	0.0	3.0	3.0	3.0	3.0	T6SS,	possible_virulence	T3E_or_secreted_candidate	xoo
WP_129215584.1	type VI secretion system Vgr family protein [Xanthomonas oryzae]	OTHER	0.999895	0.00016	0.0	0.0	0.0	0.0		100.0	845	0	0	1	845	1	845	0.0	1670.0	Phage_GPD	PF05954.18	-	3.5e-63	214.1	6.2	3.5e-63	214.1	6.2	1.7	2.0	0.0	0.0	2.0	2.0	2.0	1.0	Phage	possible_virulence		xoo
WP_129215585.1	type VI secretion system Vgr family protein [Xanthomonas oryzae]	OTHER	1.0	0.0	0.0	0.0	0.0	0.0		100.0	920	0	0	1	920	1	920	0.0	1829.0	Phage_GPD	PF05954.18	-	2.0999999999999998e-70	237.8	7.4	2.0999999999999998e-70	237.8	7.4	1.5	2.0	0.0	0.0	2.0	2.0	2.0	1.0	Phage	possible_virulence		xoo
WP_129215587.1	T6SS effector BTH_I2691 family protein [Xanthomonas oryzae]	OTHER	1.0	1e-06	0.0	0.0	0.0	0.0		100.0	954	0	0	1	954	1	954	0.0	1943.0	VasX_N	PF20249.4	-	1.5e-41	142.6	0.0	2.7999999999999997e-41	141.8	0.0	1.4	1.0	0.0	0.0	1.0	1.0	1.0	1.0	VasX	possible_virulence	T3E_or_secreted_candidate	xoo
WP_129215591.1	IS701-like element ISXo15 family transposase [Xanthomonas oryzae]	OTHER	1.0	0.0	0.0	0.0	0.0	0.0		100.0	439	0	0	1	439	1	439	0.0	904.0	DDE_5	PF13546.13	-	9.999999999999999e-85	284.9	10.1	1.8e-84	284.1	10.1	1.4	1.0	0.0	0.0	1.0	1.0	1.0	1.0	DDE			xoo
WP_129215592.1	IS1595-like element ISXo5 family transposase [Xanthomonas oryzae]	OTHER	1.0	0.0	0.0	0.0	0.0	0.0		100.0	321	0	0	1	321	1	321	0.0	668.0	DDE_Tnp_IS1595	PF12762.14	-	4.1e-34	118.3	0.0	5.9e-34	117.8	0.0	1.2	1.0	0.0	0.0	1.0	1.0	1.0	1.0	ISXO2-like			xoo
WP_129215593.1	IS5 family transposase [Xanthomonas oryzae]	OTHER	1.0	0.0	0.0	0.0	0.0	0.0		100.0	266	0	0	1	266	1	266	0.0	550.0	DDE_Tnp_1	PF01609.28	-	4.899999999999999e-31	108.6	0.1	7.6e-31	108.0	0.1	1.3	1.0	0.0	0.0	1.0	1.0	1.0	1.0	Transposase			xoo
WP_129215594.1	IS1595-like element ISXo5 family transposase [Xanthomonas oryzae]	OTHER	1.0	0.0	0.0	0.0	0.0	0.0		100.0	321	0	0	1	321	1	321	0.0	668.0	DDE_Tnp_IS1595	PF12762.14	-	1e-36	126.8	0.0	1.5e-36	126.3	0.0	1.2	1.0	0.0	0.0	1.0	1.0	1.0	1.0	ISXO2-like			xoo
WP_129215596.1	T6SS effector BTH_I2691 family protein [Xanthomonas oryzae]	OTHER	1.0	1e-06	0.0	0.0	0.0	0.0		100.0	955	0	0	1	955	1	955	0.0	1943.0	VasX_N	PF20249.4	-	1.3999999999999998e-41	142.8	0.0	2.6e-41	141.9	0.0	1.4	1.0	0.0	0.0	1.0	1.0	1.0	1.0	VasX	possible_virulence	T3E_or_secreted_candidate	xoo
WP_129215597.1	type VI secretion system Vgr family protein [Xanthomonas oryzae]	OTHER	1.0	1e-06	0.0	0.0	0.0	0.0		100.0	892	0	0	1	892	1	892	0.0	1792.0	DUF2345	PF10106.15	-	1.3e-29	103.6	8.3	1.3e-29	103.6	8.3	1.7	2.0	0.0	0.0	2.0	2.0	2.0	1.0	Uncharacterized	possible_virulence		xoo
WP_129215599.1	IS630 family transposase [Xanthomonas oryzae]	OTHER	1.0	1e-06	0.0	0.0	0.0	0.0		100.0	360	0	0	1	360	1	360	0.0	749.0	DDE_3	PF13358.13	-	1.9e-18	67.3	0.1	5.3e-18	65.9	0.0	1.8	2.0	0.0	0.0	2.0	2.0	2.0	1.0	DDE			xoo
WP_129215603.1	ISL3-like element ISXoo13 family transposase [Xanthomonas oryzae]	OTHER	1.0	0.0	0.0	0.0	0.0	0.0		100.0	411	0	0	1	411	1	411	0.0	851.0	DDE_Tnp_ISL3	PF01610.24	-	3.1e-60	204.5	0.5	3.9e-60	204.2	0.5	1.1	1.0	0.0	0.0	1.0	1.0	1.0	1.0	Transposase			xoo
WP_129215604.1	IS630 family transposase [Xanthomonas oryzae]	OTHER	1.0	0.0	0.0	0.0	0.0	0.0		100.0	352	0	0	1	352	1	352	0.0	715.0	DDE_3	PF13358.13	-	2.2e-32	112.5	0.0	3.1e-32	112.0	0.0	1.2	1.0	0.0	0.0	1.0	1.0	1.0	1.0	DDE			xoo
WP_129215605.1	IS4-like element ISXo14 family transposase [Xanthomonas oryzae]	OTHER	1.0	0.0	0.0	0.0	0.0	0.0		100.0	404	0	0	1	404	1	404	0.0	801.0	DDE_Tnp_1	PF01609.28	-	1e-22	81.5	0.0	2e-22	80.5	0.0	1.5	1.0	0.0	0.0	1.0	1.0	1.0	1.0	Transposase			xoo
WP_129215608.1	IPT/TIG domain-containing protein [Xanthomonas oryzae]	OTHER	1.0	9e-06	0.0	0.0	0.0	0.0		100.0	1441	0	0	1	1441	1	1441	0.0	2791.0	TIG	PF01833.31	-	8.7e-09	35.9	28.6	1.4e-07	32.0	2.5	5.6	5.0	0.0	0.0	5.0	5.0	5.0	2.0	IPT/TIG			xoo
WP_129215611.1	IS630 family transposase [Xanthomonas oryzae]	OTHER	1.0	0.0	0.0	0.0	0.0	0.0		100.0	352	0	0	1	352	1	352	0.0	710.0	DDE_3	PF13358.13	-	4.5e-32	111.5	0.0	6.6e-32	111.0	0.0	1.3	1.0	0.0	0.0	1.0	1.0	1.0	1.0	DDE			xoo
WP_129215613.1	IS1595-like element ISXo5 family transposase [Xanthomonas oryzae]	OTHER	1.0	0.0	0.0	0.0	0.0	0.0		100.0	321	0	0	1	321	1	321	0.0	668.0	DDE_Tnp_IS1595	PF12762.14	-	7.7e-36	123.9	0.0	1.1e-35	123.4	0.0	1.2	1.0	0.0	0.0	1.0	1.0	1.0	1.0	ISXO2-like			xoo
WP_129215614.1	IS30-like element IS1112 family transposase [Xanthomonas oryzae]	OTHER	1.0	0.0	0.0	0.0	0.0	0.0		100.0	318	0	0	1	318	1	318	0.0	648.0	HTH_38	PF13936.13	-	6.5e-16	58.4	6.0	3e-15	56.2	1.0	2.6	2.0	0.0	0.0	2.0	2.0	2.0	1.0	Helix-turn-helix			xoo
WP_129215616.1	ISL3-like element ISXoo13 family transposase [Xanthomonas oryzae]	OTHER	1.0	0.0	0.0	0.0	0.0	0.0		100.0	411	0	0	1	411	1	411	0.0	850.0	DDE_Tnp_ISL3	PF01610.24	-	8.2e-60	203.2	0.5	1e-59	202.8	0.5	1.1	1.0	0.0	0.0	1.0	1.0	1.0	1.0	Transposase			xoo
WP_129215617.1	IS4-like element ISXo14 family transposase [Xanthomonas oryzae]	OTHER	1.0	0.0	0.0	0.0	0.0	0.0		100.0	404	0	0	1	404	1	404	0.0	802.0	DDE_Tnp_1	PF01609.28	-	3e-22	80.0	0.0	5.5e-22	79.1	0.0	1.4	1.0	0.0	0.0	1.0	1.0	1.0	1.0	Transposase			xoo
WP_129215618.1	IS701 family transposase [Xanthomonas oryzae]	OTHER	1.0	0.0	0.0	0.0	0.0	0.0		100.0	439	0	0	1	439	1	439	0.0	904.0	DDE_5	PF13546.13	-	1.9e-84	284.0	10.5	3.3e-84	283.3	10.5	1.4	1.0	0.0	0.0	1.0	1.0	1.0	1.0	DDE			xoo
WP_129215619.1	IS701-like element ISXo15 family transposase [Xanthomonas oryzae]	OTHER	1.0	0.0	0.0	0.0	0.0	0.0		100.0	439	0	0	1	439	1	439	0.0	904.0	DDE_5	PF13546.13	-	2.6e-84	283.6	9.8	4.5e-84	282.8	9.8	1.4	1.0	0.0	0.0	1.0	1.0	1.0	1.0	DDE			xoo
WP_129215620.1	IS5 family transposase [Xanthomonas oryzae]	OTHER	1.0	0.0	0.0	0.0	0.0	0.0		100.0	353	0	0	1	353	1	353	0.0	732.0	DUF772	PF05598.17	-	1.2e-25	90.5	0.1	2.4e-25	89.5	0.1	1.5	1.0	0.0	0.0	1.0	1.0	1.0	1.0	Transposase			xoo
WP_129215621.1	IS630 family transposase [Xanthomonas oryzae]	OTHER	1.0	0.0	0.0	0.0	0.0	0.0		100.0	343	0	0	1	343	1	343	0.0	699.0	DDE_3	PF13358.13	-	4.6e-31	108.2	0.0	6.7e-31	107.7	0.0	1.3	1.0	0.0	0.0	1.0	1.0	1.0	1.0	DDE			xoo
WP_129215623.1	IS1595-like element ISXo5 family transposase [Xanthomonas oryzae]	OTHER	1.0	0.0	0.0	0.0	0.0	0.0		100.0	321	0	0	1	321	1	321	0.0	669.0	DDE_Tnp_IS1595	PF12762.14	-	1.8e-36	126.0	0.0	2.6e-36	125.4	0.0	1.2	1.0	0.0	0.0	1.0	1.0	1.0	1.0	ISXO2-like			xoo
WP_129215624.1	T6SS effector BTH_I2691 family protein [Xanthomonas oryzae]	OTHER	0.999838	0.000145	2.1e-05	1e-06	0.0	8e-06		100.0	944	0	0	1	944	1	944	0.0	1948.0	VasX_N	PF20249.4	-	2.7e-38	132.1	0.0	6.300000000000001e-38	130.9	0.0	1.7	1.0	0.0	0.0	1.0	1.0	1.0	1.0	VasX	possible_virulence	T3E_or_secreted_candidate	xoo
WP_129215625.1	IS701-like element ISXo15 family transposase [Xanthomonas oryzae]	OTHER	1.0	0.0	0.0	0.0	0.0	0.0		100.0	439	0	0	1	439	1	439	0.0	903.0	DDE_5	PF13546.13	-	5.2e-84	282.6	9.8	8.8e-84	281.8	9.8	1.4	1.0	0.0	0.0	1.0	1.0	1.0	1.0	DDE			xoo
WP_129215627.1	IS5-like element ISXoo5 family transposase [Xanthomonas oryzae]	OTHER	1.0	1e-06	0.0	0.0	0.0	0.0		100.0	491	0	0	1	491	1	491	0.0	1000.0	DUF772	PF05598.17	-	1.6e-13	51.6	0.0	2.6e-09	38.0	0.0	2.6	1.0	1.0	0.0	2.0	2.0	2.0	2.0	Transposase			xoo
WP_129215629.1	T6SS effector BTH_I2691 family protein [Xanthomonas oryzae]	OTHER	1.0	1e-06	0.0	0.0	0.0	0.0		100.0	780	0	0	1	780	1	780	0.0	1594.0																			possible_virulence	T3E_or_secreted_candidate	xoo
WP_129215631.1	nucleic acid/nucleotide deaminase domain-containing protein [Xanthomonas oryzae]	OTHER	1.0	0.0	0.0	0.0	0.0	0.0		100.0	86	0	0	1	86	1	86	6.6e-63	179.0	XOO_2897-deam	PF14440.13	-	1.1e-15	58.2	0.0	1.2e-15	58.0	0.0	1.0	1.0	0.0	0.0	1.0	1.0	1.0	1.0	Xanthomonas			xoo
WP_129215632.1	RHS repeat-associated core domain-containing protein [Xanthomonas oryzae]	OTHER	1.0	3e-06	0.0	0.0	0.0	0.0		100.0	1428	0	0	1	1428	1	1428	0.0	2918.0	RHS_repeat	PF05593.20	-	5.800000000000001e-74	243.8	84.1	9e-11	42.5	1.4	16.4	16.0	2.0	0.0	17.0	17.0	17.0	13.0	RHS			xoo
WP_129215635.1	IS630 family transposase [Xanthomonas oryzae]	OTHER	1.0	0.0	0.0	0.0	0.0	0.0		100.0	351	0	0	1	351	1	351	0.0	709.0	DDE_3	PF13358.13	-	6.1e-33	114.3	0.0	8.8e-33	113.8	0.0	1.2	1.0	0.0	0.0	1.0	1.0	1.0	1.0	DDE			xoo
WP_129215641.1	IS1595-like element ISXo5 family transposase [Xanthomonas oryzae]	OTHER	1.0	0.0	0.0	0.0	0.0	0.0		100.0	321	0	0	1	321	1	321	0.0	666.0	DDE_Tnp_IS1595	PF12762.14	-	4.0000000000000006e-34	118.3	0.0	5.9e-34	117.8	0.0	1.3	1.0	0.0	0.0	1.0	1.0	1.0	1.0	ISXO2-like			xoo
WP_129215642.1	IS4 family transposase [Xanthomonas oryzae]	OTHER	1.0	0.0	0.0	0.0	0.0	0.0		100.0	389	0	0	1	389	1	389	0.0	776.0	DDE_Tnp_1	PF01609.28	-	1.1e-22	81.3	0.0	1.8000000000000001e-22	80.7	0.0	1.3	1.0	0.0	0.0	1.0	1.0	1.0	1.0	Transposase			xoo
WP_129215644.1	IS701-like element ISXo15 family transposase [Xanthomonas oryzae]	OTHER	1.0	0.0	0.0	0.0	0.0	0.0		100.0	439	0	0	1	439	1	439	0.0	904.0	DDE_5	PF13546.13	-	1.1e-84	284.9	10.5	1.6999999999999999e-84	284.2	10.5	1.3	1.0	0.0	0.0	1.0	1.0	1.0	1.0	DDE			xoo
WP_129215645.1	IS1595-like element ISXo5 family transposase [Xanthomonas oryzae]	OTHER	1.0	0.0	0.0	0.0	0.0	0.0		100.0	321	0	0	1	321	1	321	0.0	669.0	DDE_Tnp_IS1595	PF12762.14	-	5.2e-36	124.5	0.0	7.5e-36	123.9	0.0	1.2	1.0	0.0	0.0	1.0	1.0	1.0	1.0	ISXO2-like			xoo
WP_129215646.1	IS701-like element ISXo15 family transposase [Xanthomonas oryzae]	OTHER	1.0	0.0	0.0	0.0	0.0	0.0		100.0	439	0	0	1	439	1	439	0.0	904.0	DDE_5	PF13546.13	-	4.9e-84	282.7	10.1	8.2e-84	281.9	10.1	1.4	1.0	0.0	0.0	1.0	1.0	1.0	1.0	DDE			xoo
WP_129215648.1	IS5 family transposase [Xanthomonas oryzae]	OTHER	1.0	0.0	0.0	0.0	0.0	0.0		100.0	266	0	0	1	266	1	266	0.0	550.0	DDE_Tnp_1	PF01609.28	-	3.5e-31	109.1	0.1	5.5e-31	108.5	0.1	1.3	1.0	0.0	0.0	1.0	1.0	1.0	1.0	Transposase			xoo
WP_129215649.1	IS701-like element ISXo15 family transposase [Xanthomonas oryzae]	OTHER	1.0	0.0	0.0	0.0	0.0	0.0		100.0	439	0	0	1	439	1	439	0.0	904.0	DDE_5	PF13546.13	-	5.5e-85	285.8	9.8	9.6e-85	285.0	9.8	1.4	1.0	0.0	0.0	1.0	1.0	1.0	1.0	DDE			xoo
WP_129215650.1	IS701-like element ISXo15 family transposase [Xanthomonas oryzae]	OTHER	1.0	0.0	0.0	0.0	0.0	0.0		100.0	439	0	0	1	439	1	439	0.0	903.0	DDE_5	PF13546.13	-	9.999999999999999e-85	284.9	10.2	1.8e-84	284.1	10.2	1.4	1.0	0.0	0.0	1.0	1.0	1.0	1.0	DDE			xoo
WP_129215651.1	IS30-like element IS1112a family transposase [Xanthomonas oryzae]	OTHER	1.0	0.0	0.0	0.0	0.0	0.0		100.0	318	0	0	1	318	1	318	0.0	652.0	HTH_38	PF13936.13	-	8.8e-16	58.0	6.2	2.8e-15	56.3	1.9	2.6	2.0	0.0	0.0	2.0	2.0	2.0	1.0	Helix-turn-helix			xoo
WP_129215652.1	hypothetical protein [Xanthomonas oryzae]	LIPO	0.0	1e-06	1.0	0.0	0.0	0.0	CS pos: 11-12. Pr: 0.9969	100.0	131	0	0	1	131	1	131	1.99e-98	272.0																					xoo
WP_129215653.1	filamentous hemagglutinin [Xanthomonas oryzae]	OTHER	1.0	2e-06	0.0	0.0	0.0	0.0		100.0	186	0	0	1	186	1	186	7.92e-142	387.0																					xoo
WP_129215654.1	hypothetical protein [Xanthomonas oryzae]	LIPO	0.0	1e-06	1.0	0.0	0.0	0.0	CS pos: 19-20. Pr: 0.9964	100.0	137	0	0	1	137	1	137	1.4700000000000002e-103	286.0																					xoo
WP_129215655.1	hypothetical protein [Xanthomonas oryzae]	OTHER	1.0	0.0	0.0	0.0	0.0	0.0		100.0	73	0	0	1	73	1	73	4.45e-52	150.0																					xoo
WP_129215656.1	IS1595-like element ISXo5 family transposase [Xanthomonas oryzae]	OTHER	1.0	0.0	0.0	0.0	0.0	0.0		100.0	321	0	0	1	321	1	321	0.0	668.0	DDE_Tnp_IS1595	PF12762.14	-	2.6e-36	125.5	0.0	3.7e-36	125.0	0.0	1.2	1.0	0.0	0.0	1.0	1.0	1.0	1.0	ISXO2-like			xoo
WP_129215657.1	IS1595-like element ISXo5 family transposase [Xanthomonas oryzae]	OTHER	1.0	0.0	0.0	0.0	0.0	0.0		100.0	321	0	0	1	321	1	321	0.0	668.0	DDE_Tnp_IS1595	PF12762.14	-	2.8e-36	125.4	0.0	4e-36	124.8	0.0	1.2	1.0	0.0	0.0	1.0	1.0	1.0	1.0	ISXO2-like			xoo
WP_129215658.1	IS701-like element ISXo15 family transposase [Xanthomonas oryzae]	OTHER	1.0	0.0	0.0	0.0	0.0	0.0		100.0	439	0	0	1	439	1	439	0.0	905.0	DDE_5	PF13546.13	-	1.6e-84	284.3	9.9	2.5e-84	283.6	9.9	1.3	1.0	0.0	0.0	1.0	1.0	1.0	1.0	DDE			xoo
WP_129215660.1	IS30 family transposase [Xanthomonas oryzae]	OTHER	1.0	0.0	0.0	0.0	0.0	0.0		100.0	307	0	0	1	307	1	307	0.0	627.0	HTH_38	PF13936.13	-	2.4e-12	47.0	3.0	5.2e-11	42.7	0.1	2.7	2.0	0.0	0.0	2.0	2.0	2.0	1.0	Helix-turn-helix			xoo
WP_129215666.1	IS256-like element IS1113 family transposase [Xanthomonas oryzae]	OTHER	1.0	0.0	0.0	0.0	0.0	0.0		100.0	394	0	0	1	394	1	394	0.0	812.0	Transposase_mut	PF00872.25	-	1.1e-109	367.4	0.4	1.4e-109	367.1	0.4	1.0	1.0	0.0	0.0	1.0	1.0	1.0	1.0	Transposase,			xoo
WP_129215667.1	IS5 family transposase [Xanthomonas oryzae]	OTHER	1.0	1e-06	0.0	0.0	0.0	0.0		100.0	458	0	0	1	458	1	458	0.0	927.0	DUF772	PF05598.17	-	4.8e-19	69.3	0.0	9.7e-19	68.3	0.0	1.5	1.0	0.0	0.0	1.0	1.0	1.0	1.0	Transposase			xoo
WP_129215671.1	T6SS effector BTH_I2691 family protein [Xanthomonas oryzae]	OTHER	0.999843	0.000145	2.1e-05	1e-06	0.0	8e-06		100.0	944	0	0	1	944	1	944	0.0	1954.0	VasX_N	PF20249.4	-	7e-39	134.0	0.0	1.5000000000000002e-38	132.9	0.0	1.6	1.0	0.0	0.0	1.0	1.0	1.0	1.0	VasX	possible_virulence	T3E_or_secreted_candidate	xoo
WP_129215673.1	IS630 family transposase [Xanthomonas oryzae]	OTHER	1.0	0.0	0.0	0.0	0.0	0.0		100.0	352	0	0	1	352	1	352	0.0	710.0	DDE_3	PF13358.13	-	8.500000000000001e-33	113.8	0.0	1.2e-32	113.3	0.0	1.2	1.0	0.0	0.0	1.0	1.0	1.0	1.0	DDE			xoo
WP_129215674.1	IS5 family transposase [Xanthomonas oryzae]	OTHER	1.0	0.0	0.0	0.0	0.0	0.0		100.0	458	0	0	1	458	1	458	0.0	931.0	DUF772	PF05598.17	-	2.8e-19	70.0	0.0	5.3e-19	69.1	0.0	1.5	1.0	0.0	0.0	1.0	1.0	1.0	1.0	Transposase			xoo
WP_153296782.1	hypothetical protein [Xanthomonas oryzae]	OTHER	0.999999	1e-06	2e-06	0.0	0.0	0.0		100.0	45	0	0	1	45	1	45	6.37e-29	90.5																					xoo
WP_154215195.1	nucleic acid/nucleotide deaminase domain-containing protein [Xanthomonas oryzae]	OTHER	0.999608	0.000392	2.2e-05	1e-06	1e-06	3e-06		100.0	208	0	0	1	208	1	208	2.59e-159	432.0	XOO_2897-deam	PF14440.13	-	1.2e-22	80.5	0.0	1.8000000000000001e-22	79.9	0.0	1.3	1.0	0.0	0.0	1.0	1.0	1.0	1.0	Xanthomonas			xoo
WP_154215197.1	hypothetical protein [Xanthomonas oryzae]	OTHER	1.0	0.0	0.0	0.0	0.0	0.0		100.0	282	0	0	1	282	1	282	0.0	589.0																					xoo
WP_158645226.1	hypothetical protein [Xanthomonas oryzae]	OTHER	1.0	0.0	0.0	0.0	0.0	0.0		100.0	65	0	0	1	65	1	65	1.27e-46	136.0																					xoo
WP_162866900.1	hypothetical protein [Xanthomonas oryzae]	OTHER	1.0	0.0	0.0	0.0	0.0	0.0		100.0	58	0	0	1	58	1	58	2.85e-38	115.0																					xoo
WP_181679655.1	hypothetical protein [Xanthomonas oryzae]	OTHER	1.0	0.0	0.0	0.0	0.0	0.0		100.0	65	0	0	1	65	1	65	1.8299999999999998e-46	136.0																					xoo
WP_206737953.1	type VI secretion system Vgr family protein [Xanthomonas oryzae]	OTHER	1.0	0.0	0.0	0.0	0.0	0.0		100.0	940	0	0	1	940	1	940	0.0	1865.0	Phage_GPD	PF05954.18	-	2.0000000000000002e-66	224.8	2.4	4.1e-66	223.8	2.4	1.5	1.0	0.0	0.0	1.0	1.0	1.0	1.0	Phage	possible_virulence		xoo
WP_207209305.1	DUF6708 domain-containing protein [Xanthomonas oryzae]	OTHER	0.999916	7.4e-05	1e-06	0.0	0.0	4e-06		100.0	341	0	0	1	341	1	341	0.0	701.0	DUF6708	PF20455.4	-	1.5e-19	71.2	3.6	1.5e-18	67.9	3.6	2.1	1.0	1.0	0.0	1.0	1.0	1.0	1.0	Family			xoo
WP_224229837.1	PAAR domain-containing protein [Xanthomonas oryzae]	OTHER	1.0	1e-06	0.0	0.0	0.0	0.0		100.0	59	0	0	1	59	1	59	7.609999999999999e-40	119.0	PAAR_motif	PF05488.19	-	3.6e-11	43.6	0.7	4.2e-11	43.4	0.7	1.0	1.0	0.0	0.0	1.0	1.0	1.0	1.0	PAAR			xoo
WP_228329689.1	PAAR domain-containing protein [Xanthomonas oryzae]	OTHER	1.0	2e-06	0.0	0.0	0.0	0.0		100.0	59	0	0	1	59	1	59	1.01e-39	119.0	PAAR_motif	PF05488.19	-	9.2e-10	39.1	0.6	1.1e-09	38.9	0.6	1.1	1.0	0.0	0.0	1.0	1.0	1.0	1.0	PAAR			xoo
WP_229001923.1	DUF4276 family protein [Xanthomonas oryzae]	OTHER	0.999996	2.1e-05	1e-06	0.0	0.0	0.0		100.0	169	0	0	1	169	1	169	2.1199999999999998e-126	346.0	DUF4276	PF14103.12	-	4.8e-09	37.3	0.0	1.1e-08	36.1	0.0	1.6	1.0	1.0	0.0	1.0	1.0	1.0	1.0	Domain			xoo
WP_229002594.1	RHS repeat domain-containing protein [Xanthomonas oryzae]	OTHER	1.0	0.0	0.0	0.0	0.0	0.0		100.0	1156	0	0	1	1156	1	1156	0.0	2342.0	RHS_repeat	PF05593.20	-	1e-59	198.5	113.5	7e-07	30.1	1.5	19.8	13.0	3.0	9.0	22.0	22.0	22.0	19.0	RHS			xoo
WP_229002596.1	hypothetical protein [Xanthomonas oryzae]	OTHER	1.0	4e-06	0.0	0.0	0.0	0.0		100.0	143	0	0	1	143	1	143	9.93e-105	289.0																					xoo
WP_229002661.1	hypothetical protein [Xanthomonas oryzae]	OTHER	1.0	0.0	0.0	0.0	0.0	0.0		100.0	118	0	0	1	118	1	118	1.48e-87	244.0																					xoo
WP_229002664.1	cytochrome-c peroxidase [Xanthomonas oryzae]	SP	0.000337	0.999025	0.000157	0.000158	0.000142	0.000144	CS pos: 15-16. Pr: 0.9429	100.0	338	0	0	1	338	1	338	0.0	701.0	CCP_MauG	PF03150.20	-	3.3e-44	151.7	1.3	5.8e-39	134.7	0.0	2.6	2.0	1.0	0.0	2.0	2.0	2.0	2.0	Di-haem			xoo
WP_229002670.1	MULTISPECIES: PAAR domain-containing protein [Xanthomonas]	OTHER	0.999537	0.000464	1.9e-05	1e-06	0.0	1e-06		100.0	93	0	0	1	93	1	93	8.77e-67	189.0	PAAR_motif	PF05488.19	-	3.5e-06	27.6	1.1	3.7e-06	27.6	0.1	1.6	2.0	0.0	0.0	2.0	2.0	2.0	1.0	PAAR			xoo
WP_229002792.1	type VI secretion system tip protein VgrG [Xanthomonas oryzae]	OTHER	0.997757	0.002231	4e-05	4e-06	2e-06	5e-06		100.0	461	0	0	1	461	1	461	0.0	905.0	DUF2345	PF10106.15	-	2.6e-49	167.5	5.7	2.6e-49	167.5	5.7	2.0	2.0	0.0	0.0	2.0	2.0	2.0	1.0	Uncharacterized	possible_virulence		xoo
WP_230455220.1	hypothetical protein [Xanthomonas oryzae]	OTHER	0.99981	4.3e-05	0.000145	0.0	0.0	4e-06		100.0	48	0	0	1	48	1	48	1.06e-31	97.8																					xoo
WP_230455427.1	hypothetical protein [Xanthomonas oryzae]	OTHER	1.0	1e-06	0.0	0.0	0.0	0.0		100.0	96	0	0	1	96	1	96	4.8299999999999995e-68	193.0																					xoo
WP_230455573.1	transposase [Xanthomonas oryzae]	OTHER	1.0	0.0	0.0	0.0	0.0	0.0		100.0	118	0	0	1	118	1	118	4.89e-88	245.0	DUF4096	PF13340.12	-	1.2e-20	74.2	1.8	1.6e-20	73.7	1.3	1.4	1.0	1.0	0.0	1.0	1.0	1.0	1.0	Putative			xoo
WP_235428178.1	DUF4276 family protein [Xanthomonas oryzae]	OTHER	1.0	0.0	0.0	0.0	0.0	0.0		100.0	182	0	0	1	182	1	182	2.78e-134	367.0	DUF4276	PF14103.12	-	1e-10	42.8	0.0	1.1e-10	42.6	0.0	1.1	1.0	0.0	0.0	1.0	1.0	1.0	1.0	Domain			xoo
WP_242505180.1	RHS repeat-associated core domain-containing protein [Xanthomonas oryzae]	SP	0.012564	0.70818	0.030636	0.240957	0.007229	0.000415	CS pos: 32-33. Pr: 0.6780	100.0	1760	0	0	1	1760	1	1760	0.0	3564.0	RHS_repeat	PF05593.20	-	3.4e-55	184.0	117.1	1.1e-06	29.4	1.5	20.0	13.0	3.0	9.0	22.0	22.0	22.0	17.0	RHS			xoo
WP_242505189.1	type VI secretion system Vgr family protein [Xanthomonas oryzae]	OTHER	1.0	0.0	0.0	0.0	0.0	0.0		100.0	991	0	0	1	991	1	991	0.0	1974.0	Phage_GPD	PF05954.18	-	1.3e-66	225.4	2.5	2.5e-66	224.5	2.5	1.5	1.0	0.0	0.0	1.0	1.0	1.0	1.0	Phage	possible_virulence		xoo
WP_242505191.1	type VI secretion system Vgr family protein [Xanthomonas oryzae]	OTHER	0.999712	0.000317	6e-06	1e-06	0.0	1e-06		100.0	737	0	0	1	737	1	737	0.0	1486.0	DUF2345	PF10106.15	-	3.3999999999999997e-47	160.7	4.3	3.3999999999999997e-47	160.7	4.3	2.9	3.0	0.0	0.0	3.0	3.0	3.0	1.0	Uncharacterized	possible_virulence		xoo
WP_242505195.1	type VI secretion system Vgr family protein [Xanthomonas oryzae]	OTHER	1.0	0.0	0.0	0.0	0.0	0.0		100.0	499	0	0	1	499	1	499	0.0	1017.0	Phage_GPD	PF05954.18	-	1e-67	229.0	4.2	1.4e-67	228.6	4.2	1.1	1.0	0.0	0.0	1.0	1.0	1.0	1.0	Phage	possible_virulence		xoo
WP_242505196.1	DUF2345 domain-containing protein [Xanthomonas oryzae]	OTHER	1.0	0.0	0.0	0.0	0.0	0.0		100.0	412	0	0	1	412	1	412	0.0	820.0	DUF2345	PF10106.15	-	6.7e-40	137.0	11.5	6.7e-40	137.0	11.5	2.1	2.0	0.0	0.0	2.0	2.0	2.0	1.0	Uncharacterized			xoo
WP_242505199.1	phospholipase effector Tle1 domain-containing protein [Xanthomonas oryzae]	OTHER	1.0	0.0	0.0	0.0	0.0	0.0		100.0	322	0	0	1	322	1	322	0.0	664.0	T6SS_Tle1-like_cat	PF09994.15	-	3.2e-15	56.8	0.0	9.1e-07	29.1	0.0	3.2	3.0	0.0	0.0	3.0	3.0	3.0	3.0	T6SS,	possible_virulence	T3E_or_secreted_candidate	xoo
WP_242505200.1	DUF3304 domain-containing protein [Xanthomonas oryzae]	LIPO	0.000993	0.027284	0.971575	0.000135	3.4e-05	1e-05	CS pos: 33-34. Pr: 0.9938	100.0	196	0	0	1	196	1	196	6.86e-148	403.0	DUF3304	PF11745.14	-	1.7e-21	77.0	0.0	2.4e-21	76.6	0.0	1.2	1.0	0.0	0.0	1.0	1.0	1.0	1.0	Protein			xoo
WP_242505202.1	type VI secretion system Vgr family protein [Xanthomonas oryzae]	OTHER	1.0	2.9e-05	1e-06	0.0	0.0	0.0		100.0	587	0	0	1	587	1	587	0.0	1150.0	DUF2345	PF10106.15	-	1.9e-29	103.1	6.0	1.9e-29	103.1	6.0	2.9	3.0	0.0	0.0	3.0	3.0	3.0	1.0	Uncharacterized	possible_virulence		xoo
WP_242505203.1	DUF4123 domain-containing protein [Xanthomonas oryzae]	OTHER	1.0	0.0	0.0	0.0	0.0	0.0		100.0	281	0	0	1	281	1	281	0.0	563.0																					xoo
WP_242505206.1	IS701-like element ISXo15 family transposase [Xanthomonas oryzae]	OTHER	1.0	0.0	0.0	0.0	0.0	0.0		100.0	459	0	0	1	459	1	459	0.0	944.0	DDE_5	PF13546.13	-	8.299999999999999e-85	285.2	10.0	1.4e-84	284.4	10.0	1.4	1.0	0.0	0.0	1.0	1.0	1.0	1.0	DDE			xoo
WP_242505211.1	IS701-like element ISXo15 family transposase [Xanthomonas oryzae]	OTHER	1.0	2e-06	0.0	0.0	0.0	0.0		99.761	419	1	0	1	419	21	439	0.0	863.0	DDE_5	PF13546.13	-	3.8999999999999998e-84	283.0	9.7	6.1e-84	282.4	9.7	1.3	1.0	0.0	0.0	1.0	1.0	1.0	1.0	DDE			xoo
WP_242505214.1	transposase [Xanthomonas oryzae]	OTHER	1.0	0.0	0.0	0.0	0.0	0.0		100.0	293	0	0	1	293	1	293	0.0	600.0	DUF772	PF05598.17	-	4.7e-13	50.1	0.0	8.5e-13	49.2	0.0	1.5	1.0	0.0	0.0	1.0	1.0	1.0	1.0	Transposase			xoo
WP_258535338.1	hypothetical protein [Xanthomonas oryzae]	OTHER	0.99988	5e-06	9.9e-05	2e-06	0.0	1.7e-05		100.0	40	0	0	1	40	1	40	1.15e-26	84.7																					xoo
WP_277984846.1	hypothetical protein [Xanthomonas oryzae]	SP	0.445553	0.553153	0.000593	0.000254	0.000218	0.000232	CS pos: 21-22. Pr: 0.4374	100.0	135	0	0	1	135	1	135	4.54e-98	272.0																					xoo
WP_282208841.1	DUF6708 domain-containing protein [Xanthomonas oryzae]	OTHER	1.0	0.0	0.0	0.0	0.0	0.0		100.0	279	0	0	1	279	1	279	0.0	575.0	DUF6708	PF20455.4	-	1e-20	75.0	1.5	1.4e-19	71.3	1.5	2.0	1.0	1.0	0.0	1.0	1.0	1.0	1.0	Family			xoo
WP_340638649.1	DUF6714 family protein [Xanthomonas oryzae]	OTHER	1.0	0.0	0.0	0.0	0.0	0.0		100.0	162	0	0	1	162	1	162	1.45e-117	323.0	DUF6714	PF20461.4	-	2.4e-06	28.2	0.8	2.9e-06	28.0	0.1	1.5	2.0	0.0	0.0	2.0	2.0	2.0	1.0	Family			xoo
WP_370528275.1	putative type VI secretion system effector [Xanthomonas oryzae]	OTHER	0.999948	8.7e-05	0.0	0.0	0.0	0.0		100.0	244	0	0	1	244	1	244	0.0	499.0																			possible_virulence	T3E_or_secreted_candidate	xoo
WP_370528307.1	IS5 family transposase [Xanthomonas oryzae]	OTHER	1.0	0.0	0.0	0.0	0.0	0.0		100.0	249	0	0	1	249	1	249	0.0	514.0	DDE_Tnp_1	PF01609.28	-	7.000000000000001e-31	108.1	0.1	9.2e-31	107.7	0.1	1.2	1.0	0.0	0.0	1.0	1.0	1.0	1.0	Transposase			xoo
WP_372469676.1	DUF6714 family protein [Xanthomonas oryzae]	OTHER	1.0	3e-06	0.0	0.0	0.0	0.0		100.0	195	0	0	1	195	1	195	1.1800000000000001e-143	392.0	DUF6714	PF20461.4	-	2.2e-06	28.3	0.1	4.1e-06	27.5	0.1	1.4	1.0	0.0	0.0	1.0	1.0	1.0	1.0	Family			xoo
WP_372469755.1	putative type VI secretion system effector [Xanthomonas oryzae]	OTHER	0.999708	0.000287	4e-06	1e-06	0.0	1e-06		100.0	247	0	0	1	247	1	247	0.0	504.0																			possible_virulence	T3E_or_secreted_candidate	xoo
WP_425512733.1	IS630 family transposase [Xanthomonas oryzae]	OTHER	1.0	0.0	0.0	0.0	0.0	0.0		100.0	343	0	0	1	343	1	343	0.0	693.0	DDE_3	PF13358.13	-	1.5000000000000001e-30	106.5	0.0	2.2000000000000002e-30	106.0	0.0	1.2	1.0	0.0	0.0	1.0	1.0	1.0	1.0	DDE			xoo
