ID	Protein description	Prediction	OTHER	SP(Sec/SPI)	LIPO(Sec/SPII)	TAT(Tat/SPI)	TATLIPO(Tat/SPII)	PILIN(Sec/SPIII)	CS Position	percent_identity	alignment_length	mismatches	gap_opens	query_start	query_end	subject_start	subject_end	evalue	bit_score	target_name	target_accession	query_accession	full_evalue	full_score	full_bias	best1_evalue	best1_score	best1_bias	expected	regions	clusters	overlap count	envelope count	domains	repeats	inclusion	description
WP_011257024.1	IS5 family transposase [Xanthomonas oryzae]	OTHER	1	0	0	0	0	0	NA	100	326	0	0	1	326	1	326	0	672	DDE_Tnp_1	PF01609.28	-	3.1E-29	102.8	2.5	4.7E-29	102.2	2.5	1.2	1	0	0	1	1	1	1	Transposase
WP_011257046.1	IS30 family transposase [Xanthomonas oryzae]	OTHER	1	0	0	0	0	0	NA	100	341	0	0	1	341	1	341	0	712	rve	PF00665.33	-	0.0000017	28.8	0	0.0000042	27.5	0	1.6	1	0	0	1	1	1	1	Integrase
WP_011257122.1	hypothetical protein [Xanthomonas oryzae]	OTHER	1	0.000003	0	0	0	0	NA	100	86	0	0	1	86	1	86	2.57E-59	170	NA	NA	NA	NA	NA	NA	NA	NA	NA	NA	NA	NA	NA	NA	NA	NA	NA	NA
WP_011257310.1	MULTISPECIES: ISL3-like element ISXoo13 family transposase [Gammaproteobacteria]	OTHER	1	0	0	0	0	0	NA	99.757	411	1	0	1	411	1	411	0	850	DDE_Tnp_ISL3	PF01610.24	-	1.1E-59	202.7	0.5	1.4E-59	202.4	0.5	1.1	1	0	0	1	1	1	1	Transposase
WP_011257570.1	ISL3-like element ISXoo13 family transposase [Xanthomonas oryzae]	OTHER	1	0	0	0	0	0	NA	100	411	0	0	1	411	1	411	0	849	DDE_Tnp_ISL3	PF01610.24	-	6.1E-60	203.6	0.5	7.6E-60	203.3	0.5	1.1	1	0	0	1	1	1	1	Transposase
WP_011257704.1	IS5 family transposase [Xanthomonas oryzae]	OTHER	1	0.000002	0	0	0	0	NA	100	158	0	0	1	158	1	158	4.01E-119	327	DDE_Tnp_1	PF01609.28	-	2.2E-30	106.5	0.1	2.5E-30	106.3	0.1	1	1	0	0	1	1	1	1	Transposase
WP_011258065.1	MULTISPECIES: hypothetical protein [Xanthomonas]	OTHER	0.999838	0.000186	0.000001	0.000001	0	0.000002	NA	100	112	0	0	1	112	1	112	1.28E-81	228	NA	NA	NA	NA	NA	NA	NA	NA	NA	NA	NA	NA	NA	NA	NA	NA	NA	NA
WP_011258442.1	ISL3-like element ISXoo13 family transposase [Xanthomonas oryzae]	OTHER	1	0	0	0	0	0	NA	100	411	0	0	1	411	1	411	0	850	DDE_Tnp_ISL3	PF01610.24	-	2.3E-59	201.7	0.4	2.9E-59	201.4	0.4	1.1	1	0	0	1	1	1	1	Transposase
WP_011258918.1	IS630 family transposase [Xanthomonas oryzae]	OTHER	1	0	0	0	0	0	NA	100	352	0	0	1	352	1	352	0	716	DDE_3	PF13358.13	-	1.6E-30	106.5	0	2.3E-30	105.9	0	1.3	1	0	0	1	1	1	1	DDE
WP_011259047.1	hypothetical protein [Xanthomonas oryzae]	SP	0.000445	0.998803	0.000215	0.000196	0.00016	0.00015	CS pos: 34-35. Pr: 0.9626	100	337	0	0	1	337	1	337	0	701	NA	NA	NA	NA	NA	NA	NA	NA	NA	NA	NA	NA	NA	NA	NA	NA	NA	NA
WP_011259588.1	MULTISPECIES: cytochrome-c peroxidase [Xanthomonas]	SP	0.063441	0.929913	0.001899	0.00401	0.00046	0.000245	CS pos: 40-41. Pr: 0.8849	100	330	0	0	1	330	1	330	0	671	CCP_MauG	PF03150.20	-	5.6E-39	134.7	0	8.2E-34	118	0	2.2	2	0	0	2	2	2	2	Di-haem
WP_011259834.1	hypothetical protein [Xanthomonas oryzae]	SP	0.000256	0.999098	0.000182	0.000159	0.000156	0.000149	CS pos: 21-22. Pr: 0.9774	100	175	0	0	1	175	1	175	2.02E-131	359	NA	NA	NA	NA	NA	NA	NA	NA	NA	NA	NA	NA	NA	NA	NA	NA	NA	NA
WP_011259865.1	hypothetical protein [Xanthomonas oryzae]	OTHER	0.999975	0.000063	0.000001	0	0	0	NA	100	150	0	0	1	150	1	150	3.98E-112	308	NA	NA	NA	NA	NA	NA	NA	NA	NA	NA	NA	NA	NA	NA	NA	NA	NA	NA
WP_011260741.1	DUF4123 domain-containing protein [Xanthomonas oryzae]	OTHER	1	0	0	0	0	0	NA	100	158	0	0	1	158	1	158	7.8E-116	318	DUF4123	PF13503.12	-	3.9E-22	79.3	2.7	4.7E-22	79	2.7	1.1	1	0	0	1	1	1	1	Domain
WP_011260742.1	PAAR domain-containing protein [Xanthomonas oryzae]	OTHER	1	0.000001	0	0	0	0	NA	100	144	0	0	1	144	1	144	1.19E-102	284	PAAR_motif	PF05488.19	-	2.1E-23	82.8	4.1	3.3E-23	82.2	4.1	1.3	1	0	0	1	1	1	1	PAAR
WP_011260863.1	AAA family ATPase [Xanthomonas oryzae]	OTHER	1	0	0	0	0	0	NA	100	398	0	0	1	398	1	398	0	813	AAA_21	PF13304.13	-	3.7E-30	106.5	1.3	1.4E-29	104.7	1.3	1.8	1	1	0	1	1	1	1	AAA
WP_011407237.1	IS30-like element IS1112a family transposase [Xanthomonas oryzae]	OTHER	1	0	0	0	0	0	NA	100	318	0	0	1	318	1	318	0	651	HTH_38	PF13936.13	-	8.8E-16	58	6.2	2.8E-15	56.3	1.9	2.6	2	0	0	2	2	2	1	Helix-turn-helix
WP_011407513.1	hypothetical protein [Xanthomonas oryzae]	OTHER	1	0	0	0	0	0	NA	100	129	0	0	1	129	1	129	2.38E-88	247	NA	NA	NA	NA	NA	NA	NA	NA	NA	NA	NA	NA	NA	NA	NA	NA	NA	NA
WP_011407587.1	MULTISPECIES: IS630 family transposase [Xanthomonas]	OTHER	1	0	0	0	0	0	NA	100	344	0	0	1	344	1	344	0	703	DDE_3	PF13358.13	-	8.9E-36	123.5	0	1.3E-35	123	0	1.2	1	0	0	1	1	1	1	DDE
WP_011407713.1	ISL3-like element ISXoo13 family transposase [Xanthomonas oryzae]	OTHER	1	0	0	0	0	0	NA	100	411	0	0	1	411	1	411	0	849	DDE_Tnp_ISL3	PF01610.24	-	6.1E-60	203.6	0.5	7.6E-60	203.3	0.5	1.1	1	0	0	1	1	1	1	Transposase
WP_011407913.1	MULTISPECIES: IS4-like element ISXo14 family transposase [Gammaproteobacteria]	OTHER	1	0	0	0	0	0	NA	100	404	0	0	1	404	1	404	0	803	DDE_Tnp_1	PF01609.28	-	1E-22	81.5	0	2E-22	80.5	0	1.4	1	0	0	1	1	1	1	Transposase
WP_011408397.1	MULTISPECIES: IS256-like element IS1113 family transposase [Gammaproteobacteria]	OTHER	1	0	0	0	0	0	NA	100	394	0	0	1	394	1	394	0	813	Transposase_mut	PF00872.25	-	5.7E-110	368.4	0.5	7E-110	368.1	0.5	1	1	0	0	1	1	1	1	Transposase,
WP_011408522.1	IS256-like element IS1113 family transposase [Xanthomonas oryzae]	OTHER	1	0	0	0	0	0	NA	100	394	0	0	1	394	1	394	0	812	Transposase_mut	PF00872.25	-	1.8E-109	366.7	0.4	2.2E-109	366.4	0.4	1	1	0	0	1	1	1	1	Transposase,
WP_011408538.1	hypothetical protein [Xanthomonas oryzae]	OTHER	1	0	0	0	0	0	NA	100	143	0	0	1	143	1	143	2.59E-103	286	NA	NA	NA	NA	NA	NA	NA	NA	NA	NA	NA	NA	NA	NA	NA	NA	NA	NA
WP_011408694.1	IS701-like element ISXo15 family transposase [Xanthomonas oryzae]	OTHER	1	0	0	0	0	0	NA	100	439	0	0	1	439	1	439	0	903	DDE_5	PF13546.13	-	5.5E-85	285.8	9.8	9.6E-85	285	9.8	1.4	1	0	0	1	1	1	1	DDE
WP_011409251.1	MULTISPECIES: type VI immunity family protein [Xanthomonas]	OTHER	1	0	0	0	0	0	NA	100	356	0	0	1	356	1	356	0	732	TsiV	PF11876.14	-	1.2E-59	202.5	0	1.4E-59	202.3	0	1.1	1	0	0	1	1	1	1	Type
WP_011409252.1	MULTISPECIES: type VI immunity family protein [Xanthomonas]	OTHER	1	0	0	0	0	0	NA	100	361	0	0	1	361	1	361	0	743	TsiV	PF11876.14	-	1.3E-61	209	0	1.5E-61	208.7	0	1.1	1	0	0	1	1	1	1	Type
WP_011409406.1	MULTISPECIES: hypothetical protein [Xanthomonas]	SP	0.000374	0.998874	0.000205	0.000198	0.000169	0.000159	CS pos: 22-23. Pr: 0.9786	100	188	0	0	1	188	1	188	5.35E-141	385	NA	NA	NA	NA	NA	NA	NA	NA	NA	NA	NA	NA	NA	NA	NA	NA	NA	NA
WP_011409407.1	MULTISPECIES: hypothetical protein [Xanthomonas]	LIPO	0.000744	0.427014	0.571516	0.00037	0.000189	0.000147	CS pos: 24-25. Pr: 0.5134	100	161	0	0	1	161	1	161	9.72E-119	326	NA	NA	NA	NA	NA	NA	NA	NA	NA	NA	NA	NA	NA	NA	NA	NA	NA	NA
WP_011409668.1	MULTISPECIES: methyltransferase family protein [Xanthomonas]	OTHER	1	0	0	0	0	0	NA	100	153	0	0	1	153	1	153	1.02E-109	303	PEMT	PF04191.19	-	2E-12	48.1	0.1	3.5E-12	47.3	0.1	1.4	1	0	0	1	1	1	1	Phospholipid
WP_012443584.1	IS630 family transposase [Xanthomonas oryzae]	OTHER	1	0.000001	0	0	0	0	NA	100	348	0	0	1	348	1	348	0	706	DDE_3	PF13358.13	-	3.1E-32	112	0	4.6E-32	111.5	0	1.3	1	0	0	1	1	1	1	DDE
WP_012443641.1	IS5-like element ISXoo7 family transposase [Xanthomonas oryzae]	OTHER	1	0	0	0	0	0	NA	100	326	0	0	1	326	1	326	0	677	DDE_Tnp_1	PF01609.28	-	1.7E-27	97.1	2.3	2.5E-27	96.5	2.3	1.2	1	0	0	1	1	1	1	Transposase
WP_012443646.1	IS5 family transposase [Xanthomonas oryzae]	OTHER	1	0.000001	0	0	0	0	NA	100	458	0	0	1	458	1	458	0	930	DUF772	PF05598.17	-	3.1E-19	69.9	0	6.1E-19	68.9	0	1.5	1	0	0	1	1	1	1	Transposase
WP_012443687.1	IS5-like element ISXoo5 family transposase [Xanthomonas oryzae]	OTHER	1	0.000001	0	0	0	0	NA	100	491	0	0	1	491	1	491	0	999	DUF772	PF05598.17	-	6.9E-15	55.9	0.1	1E-10	42.6	0	2.5	1	1	0	2	2	2	2	Transposase
WP_012443699.1	T6SS effector phospholipase Tle3 domain-containing protein [Xanthomonas oryzae]	OTHER	1	0	0	0	0	0	NA	100	714	0	0	1	714	1	714	0	1484	Tle3	PF24322.3	-	7.2E-109	364.7	0	9.3E-109	364.4	0	1.1	1	0	0	1	1	1	1	T6SS
WP_012443701.1	MULTISPECIES: membrane protein [Xanthomonas]	OTHER	0.99957	0.000181	0.000216	0.000002	0	0.000033	NA	100	48	0	0	1	48	1	48	8.7E-32	98.2	NA	NA	NA	NA	NA	NA	NA	NA	NA	NA	NA	NA	NA	NA	NA	NA	NA	NA
WP_012443703.1	type VI lipase adapter Tla3 domain-containing protein [Xanthomonas oryzae]	OTHER	1	0	0	0	0	0	NA	100	558	0	0	1	558	1	558	0	1131	Tla3_C	PF20995.4	-	6.7E-49	166	0	1.2E-48	165.2	0	1.4	1	0	0	1	1	1	1	Type
WP_012443802.1	MULTISPECIES: hypothetical protein [Xanthomonas]	OTHER	0.999995	0	0	0	0	0	NA	100	44	0	0	1	44	1	44	4.79E-29	90.9	NA	NA	NA	NA	NA	NA	NA	NA	NA	NA	NA	NA	NA	NA	NA	NA	NA	NA
WP_012443821.1	IS630 family transposase [Xanthomonas oryzae]	OTHER	1	0	0	0	0	0	NA	100	352	0	0	1	352	1	352	0	716	DDE_3	PF13358.13	-	4.7E-33	114.7	0	6.7E-33	114.2	0	1.2	1	0	0	1	1	1	1	DDE
WP_012443979.1	ISL3-like element ISXoo13 family transposase [Xanthomonas oryzae]	OTHER	1	0	0	0	0	0	NA	100	411	0	0	1	411	1	411	0	850	DDE_Tnp_ISL3	PF01610.24	-	9.7E-60	202.9	0.5	1.2E-59	202.6	0.5	1.1	1	0	0	1	1	1	1	Transposase
WP_012444101.1	type VI secretion system Vgr family protein [Xanthomonas oryzae]	OTHER	1	0	0	0	0	0	NA	100	328	0	0	1	328	1	328	0	669	Phage_GPD	PF05954.18	-	2.4E-33	116.1	0.1	3.7E-33	115.5	0.1	1.2	1	0	0	1	1	1	1	Phage
WP_012444104.1	MULTISPECIES: contractile injection system protein, VgrG/Pvc8 family [Xanthomonas]	OTHER	1	0	0	0	0	0	NA	100	143	0	0	1	143	1	143	6.27E-104	287	Phage_GPD	PF05954.18	-	7.6E-27	94.8	0.1	8.5E-27	94.7	0.1	1	1	0	0	1	1	1	1	Phage
WP_012444301.1	IS630 family transposase [Xanthomonas oryzae]	OTHER	1	0	0	0	0	0	NA	100	352	0	0	1	352	1	352	0	710	DDE_3	PF13358.13	-	4.1E-33	114.9	0	6.1E-33	114.3	0	1.3	1	0	0	1	1	1	1	DDE
WP_012444325.1	hypothetical protein [Xanthomonas oryzae]	OTHER	0.999993	0	0	0	0	0	NA	100	48	0	0	1	48	1	48	1.2E-31	97.8	NA	NA	NA	NA	NA	NA	NA	NA	NA	NA	NA	NA	NA	NA	NA	NA	NA	NA
WP_012444328.1	PAAR domain-containing protein [Xanthomonas oryzae]	OTHER	1	0.000022	0	0	0	0	NA	100	86	0	0	1	86	1	86	6.62E-59	169	PAAR_motif	PF05488.19	-	1.3E-26	93	6.6	1.6E-26	92.8	6.6	1.1	1	0	0	1	1	1	1	PAAR
WP_012444350.1	DUF3304 domain-containing protein [Xanthomonas oryzae]	LIPO	0.001021	0.271317	0.726698	0.000274	0.000536	0.000146	CS pos: 38-39. Pr: 0.7037	100	195	0	0	1	195	1	195	2.31E-149	406	DUF3304	PF11745.14	-	4.9E-32	110.8	0	7.1E-32	110.3	0	1.2	1	0	0	1	1	1	1	Protein
WP_012444351.1	T6SS phospholipase effector Tle1-like catalytic domain-containing protein [Xanthomonas oryzae]	OTHER	1	0	0	0	0	0	NA	100	802	0	0	1	802	1	802	0	1657	T6SS_Tle1-like_cat	PF09994.15	-	1.4E-24	87.6	0.1	1.3E-12	48.2	0	3	2	1	1	3	3	3	2	T6SS,
WP_012444375.1	ISL3 family transposase [Xanthomonas oryzae]	OTHER	1	0	0	0	0	0	NA	100	472	0	0	1	472	1	472	0	983	DDE_Tnp_ISL3	PF01610.24	-	3.9E-62	210.8	0.1	7.9E-62	209.8	0	1.5	2	0	0	2	2	2	1	Transposase
WP_012444470.1	MULTISPECIES: type VI secretion system tip protein TssI/VgrG [Xanthomonas]	OTHER	1	0	0	0	0	0	NA	100	748	0	0	1	748	1	748	0	1548	Phage_GPD	PF05954.18	-	8.3E-81	272	3	1.3E-80	271.4	0.3	2.1	2	0	0	2	2	2	1	Phage
WP_012444471.1	hypothetical protein [Xanthomonas oryzae]	OTHER	1	0	0	0	0	0	NA	100	539	0	0	1	539	1	539	0	1088	NA	NA	NA	NA	NA	NA	NA	NA	NA	NA	NA	NA	NA	NA	NA	NA	NA	NA
WP_012444473.1	DUF6531 domain-containing protein [Xanthomonas oryzae]	OTHER	1	0.000003	0	0	0	0	NA	100	1579	0	0	1	1579	1	1579	0	3232	RHS_repeat	PF05593.20	-	1E-71	236.7	89.7	1E-10	42.3	1.4	16.8	18	0	0	18	18	18	13	RHS
WP_012444561.1	DnaB-like helicase C-terminal domain-containing protein [Xanthomonas oryzae]	OTHER	1	0	0	0	0	0	NA	100	231	0	0	1	231	1	231	4.47E-177	479	DnaB_C	PF03796.22	-	8.5E-28	98	0	1E-27	97.8	0	1.1	1	0	0	1	1	1	1	DnaB-like
WP_012444628.1	contractile injection system protein, VgrG/Pvc8 family [Xanthomonas oryzae]	OTHER	1	0	0	0	0	0	NA	100	94	0	0	1	94	1	94	8.52E-68	192	Phage_GPD	PF05954.18	-	2.3E-18	67	0.1	2.7E-18	66.8	0.1	1	1	0	0	1	1	1	1	Phage
WP_012444636.1	type VI secretion system Vgr family protein [Xanthomonas oryzae]	OTHER	1	0	0	0	0	0	NA	100	920	0	0	1	920	1	920	0	1828	Phage_GPD	PF05954.18	-	4.4E-70	236.8	6.9	4.4E-70	236.8	6.9	1.5	2	0	0	2	2	2	1	Phage
WP_012445091.1	IS5 family transposase [Xanthomonas oryzae]	OTHER	1	0.000001	0	0	0	0	NA	100	491	0	0	1	491	1	491	0	999	DUF772	PF05598.17	-	1.9E-12	48.1	0.1	9.4E-10	39.5	0	2.6	1	1	1	2	2	2	2	Transposase
WP_012445230.1	ISL3-like element ISXoo13 family transposase [Xanthomonas oryzae]	OTHER	1	0	0	0	0	0	NA	100	411	0	0	1	411	1	411	0	851	DDE_Tnp_ISL3	PF01610.24	-	9.7E-60	202.9	0.4	1.2E-59	202.6	0.4	1.1	1	0	0	1	1	1	1	Transposase
WP_012445372.1	hypothetical protein [Xanthomonas oryzae]	OTHER	1	0.000001	0	0	0	0	NA	100	67	0	0	1	67	1	67	1.08E-48	142	NA	NA	NA	NA	NA	NA	NA	NA	NA	NA	NA	NA	NA	NA	NA	NA	NA	NA
WP_012445373.1	T6SS effector BTH_I2691 family protein [Xanthomonas oryzae]	OTHER	0.999843	0.000145	0.000021	0.000001	0	0.000008	NA	100	944	0	0	1	944	1	944	0	1944	VasX_N	PF20249.4	-	2.6E-38	132.1	0	6.3E-38	130.9	0	1.7	1	0	0	1	1	1	1	VasX
WP_012445394.1	ISL3-like element ISXoo13 family transposase [Xanthomonas oryzae]	OTHER	1	0	0	0	0	0	NA	100	411	0	0	1	411	1	411	0	850	DDE_Tnp_ISL3	PF01610.24	-	3.6E-60	204.3	0.5	4.5E-60	204	0.5	1.1	1	0	0	1	1	1	1	Transposase
WP_012445627.1	IS630 family transposase [Xanthomonas oryzae]	OTHER	1	0.000001	0	0	0	0	NA	100	333	0	0	1	333	1	333	0	690	HTH_23	PF13384.13	-	1.5E-13	50.7	2.3	1.3E-11	44.5	0.4	2.7	2	0	0	2	2	2	1	Homeodomain-like
WP_012445794.1	ISL3-like element ISXoo13 family transposase [Xanthomonas oryzae]	OTHER	1	0	0	0	0	0	NA	100	411	0	0	1	411	1	411	0	849	DDE_Tnp_ISL3	PF01610.24	-	1.7E-60	205.4	0.5	2.2E-60	205.1	0.5	1.1	1	0	0	1	1	1	1	Transposase
WP_012445919.1	membrane protein [Xanthomonas oryzae]	OTHER	0.999738	0.000091	0.000153	0.000001	0	0.000007	NA	100	48	0	0	1	48	1	48	1.35E-31	97.4	NA	NA	NA	NA	NA	NA	NA	NA	NA	NA	NA	NA	NA	NA	NA	NA	NA	NA
WP_012445924.1	type VI lipase adapter Tla3 domain-containing protein [Xanthomonas oryzae]	OTHER	1	0	0	0	0	0	NA	100	560	0	0	1	560	1	560	0	1134	Tla3_C	PF20995.4	-	2.7E-49	167.2	0	6.7E-49	166	0	1.7	2	0	0	2	2	2	1	Type
WP_012445925.1	T6SS effector phospholipase Tle3 domain-containing protein [Xanthomonas oryzae]	OTHER	1	0	0	0	0	0	NA	100	715	0	0	1	715	1	715	0	1488	Tle3	PF24322.3	-	1.1E-108	364.2	0	1.4E-108	363.8	0	1.1	1	0	0	1	1	1	1	T6SS
WP_012446080.1	methyltransferase family protein [Xanthomonas oryzae]	OTHER	0.99936	0.000574	0.000026	0.000001	0.000001	0.000014	NA	100	59	0	0	1	59	1	59	2.79E-41	122	PEMT	PF04191.19	-	0.0000096	26.6	0	0.00001	26.5	0	1	1	0	0	1	1	1	1	Phospholipid
WP_012446470.1	hypothetical protein [Xanthomonas oryzae]	OTHER	1	0.00001	0.000001	0	0	0	NA	100	113	0	0	1	113	1	113	1.43E-82	231	NA	NA	NA	NA	NA	NA	NA	NA	NA	NA	NA	NA	NA	NA	NA	NA	NA	NA
WP_024712752.1	hypothetical protein [Xanthomonas oryzae]	OTHER	1	0	0	0	0	0	NA	100	67	0	0	1	67	1	67	1.49E-45	134	NA	NA	NA	NA	NA	NA	NA	NA	NA	NA	NA	NA	NA	NA	NA	NA	NA	NA
WP_027703650.1	Tox-REase-5 domain-containing protein [Xanthomonas oryzae]	OTHER	1	0	0	0	0	0	NA	100	261	0	0	1	261	1	261	0	545	Tox-REase-5	PF15648.13	-	9.7E-14	52.3	0.1	1.8E-13	51.5	0.1	1.4	1	0	0	1	1	1	1	Restriction
WP_027703651.1	hypothetical protein [Xanthomonas oryzae]	OTHER	1	0.000005	0	0	0	0	NA	100	110	0	0	1	110	1	110	2.29E-76	215	NA	NA	NA	NA	NA	NA	NA	NA	NA	NA	NA	NA	NA	NA	NA	NA	NA	NA
WP_027703659.1	AAA family ATPase [Xanthomonas oryzae]	OTHER	1	0	0	0	0	0	NA	100	397	0	0	1	397	1	397	0	824	AAA_21	PF13304.13	-	8.5E-29	102	0.4	1.2E-27	98.2	0.4	2.1	1	1	0	1	1	1	1	AAA
WP_027703834.1	hypothetical protein [Xanthomonas oryzae]	OTHER	0.724919	0.274382	0.000259	0.000206	0.000108	0.000111	NA	100	204	0	0	1	204	1	204	3.68E-152	414	NA	NA	NA	NA	NA	NA	NA	NA	NA	NA	NA	NA	NA	NA	NA	NA	NA	NA
WP_027703995.1	hypothetical protein [Xanthomonas oryzae]	OTHER	1	0	0	0	0	0	NA	100	67	0	0	1	67	1	67	8.65E-47	137	NA	NA	NA	NA	NA	NA	NA	NA	NA	NA	NA	NA	NA	NA	NA	NA	NA	NA
WP_027704070.1	putative type VI secretion system effector [Xanthomonas oryzae]	OTHER	0.999959	0.000045	0	0	0	0	NA	100	235	0	0	1	235	1	235	6.86E-178	482	NA	NA	NA	NA	NA	NA	NA	NA	NA	NA	NA	NA	NA	NA	NA	NA	NA	NA
WP_027704080.1	putative type VI secretion system effector [Xanthomonas oryzae]	OTHER	1	0	0	0	0	0	NA	100	243	0	0	1	243	1	243	0	501	NA	NA	NA	NA	NA	NA	NA	NA	NA	NA	NA	NA	NA	NA	NA	NA	NA	NA
WP_027704088.1	DUF4123 domain-containing protein [Xanthomonas oryzae]	OTHER	1	0	0	0	0	0	NA	100	309	0	0	1	309	1	309	0	627	DUF4123	PF13503.12	-	2.2E-10	41.4	1	4.9E-10	40.2	0.3	1.9	2	0	0	2	2	2	1	Domain
WP_027704109.1	MULTISPECIES: PAAR domain-containing protein [Xanthomonas]	OTHER	1	0.000006	0	0	0	0	NA	100	136	0	0	1	136	1	136	1.88E-98	273	PAAR_motif	PF05488.19	-	2.8E-23	82.4	4.6	3.6E-23	82.1	4.6	1.1	1	0	0	1	1	1	1	PAAR
WP_027704110.1	DUF4123 domain-containing protein [Xanthomonas oryzae]	OTHER	1	0.000001	0	0	0	0	NA	100	169	0	0	1	169	1	169	1.29E-123	339	DUF4123	PF13503.12	-	2.6E-22	79.9	2.4	3.8E-22	79.3	2.4	1.2	1	0	0	1	1	1	1	Domain
WP_033013299.1	Imm52 family immunity protein [Xanthomonas oryzae]	OTHER	1	0	0	0	0	0	NA	100	252	0	0	1	252	1	252	0	519	NA	NA	NA	NA	NA	NA	NA	NA	NA	NA	NA	NA	NA	NA	NA	NA	NA	NA
WP_033013546.1	putative type VI secretion system effector [Xanthomonas oryzae]	OTHER	0.997969	0.001982	0.000013	0.000013	0.000005	0.00001	NA	100	245	0	0	1	245	1	245	0	500	NA	NA	NA	NA	NA	NA	NA	NA	NA	NA	NA	NA	NA	NA	NA	NA	NA	NA
WP_041182236.1	DUF4123 domain-containing protein [Xanthomonas oryzae]	OTHER	1	0	0	0	0	0	NA	100	281	0	0	1	281	1	281	0	565	NA	NA	NA	NA	NA	NA	NA	NA	NA	NA	NA	NA	NA	NA	NA	NA	NA	NA
WP_041182468.1	IS630 family transposase [Xanthomonas oryzae]	OTHER	1	0.000001	0	0	0	0	NA	100	360	0	0	1	360	1	360	0	748	DDE_3	PF13358.13	-	2.7E-17	63.6	0	4.5E-17	62.9	0	1.4	1	0	0	1	1	1	1	DDE
WP_041182574.1	IS30 family transposase [Xanthomonas oryzae]	OTHER	1	0	0	0	0	0	NA	100	318	0	0	1	318	1	318	0	650	HTH_38	PF13936.13	-	2E-15	56.8	6	1E-14	54.6	1	2.7	2	0	0	2	2	2	1	Helix-turn-helix
WP_041182581.1	IS1595-like element ISXo5 family transposase [Xanthomonas oryzae]	OTHER	1	0	0	0	0	0	NA	100	321	0	0	1	321	1	321	0	668	DDE_Tnp_IS1595	PF12762.14	-	2.9E-36	125.3	0	4.2E-36	124.8	0	1.2	1	0	0	1	1	1	1	ISXO2-like
WP_041182596.1	IS4 family transposase [Xanthomonas oryzae]	OTHER	1	0	0	0	0	0	NA	100	404	0	0	1	404	1	404	0	803	DDE_Tnp_1	PF01609.28	-	8.1E-24	85.1	0.4	2.4E-22	80.2	0	2.2	2	0	0	2	2	2	2	Transposase
WP_041182615.1	IS30 family transposase [Xanthomonas oryzae]	OTHER	1	0	0	0	0	0	NA	100	318	0	0	1	318	1	318	0	649	HTH_38	PF13936.13	-	6E-16	58.5	5.7	3E-15	56.2	1	2.7	2	0	0	2	2	2	1	Helix-turn-helix
WP_041182661.1	IS1595-like element ISXo5 family transposase [Xanthomonas oryzae]	OTHER	1	0	0	0	0	0	NA	100	321	0	0	1	321	1	321	0	669	DDE_Tnp_IS1595	PF12762.14	-	1E-36	126.7	0	1.5E-36	126.2	0	1.2	1	0	0	1	1	1	1	ISXO2-like
WP_041182681.1	IS5 family transposase [Xanthomonas oryzae]	OTHER	1	0	0	0	0	0	NA	100	458	0	0	1	458	1	458	0	932	DUF772	PF05598.17	-	3E-18	66.7	0	6.1E-18	65.7	0	1.6	1	0	0	1	1	1	1	Transposase
WP_041182719.1	IS30-like element IS1112b family transposase [Xanthomonas oryzae]	OTHER	1	0	0	0	0	0	NA	100	318	0	0	1	318	1	318	0	650	HTH_38	PF13936.13	-	2.1E-15	56.7	4.7	1E-14	54.6	1	2.6	2	0	0	2	2	2	1	Helix-turn-helix
WP_041182722.1	IS1595-like element ISXo5 family transposase [Xanthomonas oryzae]	OTHER	1	0	0	0	0	0	NA	100	321	0	0	1	321	1	321	0	669	DDE_Tnp_IS1595	PF12762.14	-	9.7E-37	126.8	0	1.5E-36	126.3	0	1.3	1	0	0	1	1	1	1	ISXO2-like
WP_041182741.1	IS1595-like element ISXo5 family transposase [Xanthomonas oryzae]	OTHER	1	0	0	0	0	0	NA	100	321	0	0	1	321	1	321	0	669	DDE_Tnp_IS1595	PF12762.14	-	2.2E-35	122.4	0	3.2E-35	121.9	0	1.2	1	0	0	1	1	1	1	ISXO2-like
WP_041182775.1	IS1595-like element ISXo5 family transposase [Xanthomonas oryzae]	OTHER	1	0	0	0	0	0	NA	100	321	0	0	1	321	1	321	0	669	DDE_Tnp_IS1595	PF12762.14	-	9.9E-34	117.1	0	1.4E-33	116.6	0	1.2	1	0	0	1	1	1	1	ISXO2-like
WP_041182780.1	IS1595-like element ISXo5 family transposase [Xanthomonas oryzae]	OTHER	1	0	0	0	0	0	NA	100	321	0	0	1	321	1	321	0	669	DDE_Tnp_IS1595	PF12762.14	-	1.4E-35	123	0	2.1E-35	122.5	0	1.2	1	0	0	1	1	1	1	ISXO2-like
WP_041182785.1	IS30 family transposase [Xanthomonas oryzae]	OTHER	1	0	0	0	0	0	NA	100	320	0	0	1	320	1	320	0	664	rve	PF00665.33	-	0.000001	29.5	0	0.0000025	28.2	0	1.6	1	0	0	1	1	1	1	Integrase
WP_041182811.1	IS1595-like element ISXo5 family transposase [Xanthomonas oryzae]	OTHER	1	0	0	0	0	0	NA	100	321	0	0	1	321	1	321	0	668	DDE_Tnp_IS1595	PF12762.14	-	2.8E-36	125.3	0	4E-36	124.8	0	1.2	1	0	0	1	1	1	1	ISXO2-like
WP_041182821.1	IS30 family transposase [Xanthomonas oryzae]	OTHER	1	0	0	0	0	0	NA	100	318	0	0	1	318	1	318	0	649	HTH_38	PF13936.13	-	6.3E-16	58.4	5.7	3E-15	56.2	1	2.6	2	0	0	2	2	2	1	Helix-turn-helix
WP_041182856.1	IS30-like element IS1112 family transposase [Xanthomonas oryzae]	OTHER	1	0	0	0	0	0	NA	100	318	0	0	1	318	1	318	0	648	HTH_38	PF13936.13	-	1.7E-15	57.1	6.6	1E-14	54.6	1	2.7	2	0	0	2	2	2	2	Helix-turn-helix
WP_044756431.1	ISL3-like element ISXoo13 family transposase [Xanthomonas oryzae]	OTHER	1	0	0	0	0	0	NA	100	411	0	0	1	411	1	411	0	850	DDE_Tnp_ISL3	PF01610.24	-	1.1E-59	202.7	0.5	1.4E-59	202.4	0.5	1.1	1	0	0	1	1	1	1	Transposase
WP_044756487.1	IS4-like element ISXo14 family transposase [Xanthomonas oryzae]	OTHER	1	0	0	0	0	0	NA	100	404	0	0	1	404	1	404	0	802	DDE_Tnp_1	PF01609.28	-	1E-22	81.5	0	2E-22	80.5	0	1.5	1	0	0	1	1	1	1	Transposase
WP_044756993.1	IS630 family transposase [Xanthomonas oryzae]	OTHER	1	0	0	0	0	0	NA	100	352	0	0	1	352	1	352	0	712	DDE_3	PF13358.13	-	2.7E-31	109	0	3.7E-31	108.5	0	1.2	1	0	0	1	1	1	1	DDE
WP_044757045.1	IS630 family transposase [Xanthomonas oryzae]	OTHER	1	0	0	0	0	0	NA	100	352	0	0	1	352	1	352	0	712	DDE_3	PF13358.13	-	1.9E-30	106.2	0	2.9E-30	105.7	0	1.3	1	0	0	1	1	1	1	DDE
WP_044757078.1	type VI lipase adapter Tla3 domain-containing protein [Xanthomonas oryzae]	OTHER	1	0	0	0	0	0	NA	100	565	0	0	1	565	1	565	0	1149	Tla3_C	PF20995.4	-	1.3E-50	171.6	0	3.2E-50	170.2	0	1.7	2	0	0	2	2	2	1	Type
WP_048485524.1	PAAR domain-containing protein [Xanthomonas oryzae]	OTHER	0.999547	0.000486	0.000003	0.000001	0	0.000001	NA	100	87	0	0	1	87	1	87	4.23E-60	172	PAAR_motif	PF05488.19	-	6.8E-19	68.4	3.4	7.8E-19	68.2	3.4	1	1	0	0	1	1	1	1	PAAR
WP_069959672.1	IS5 family transposase [Xanthomonas oryzae]	OTHER	1	0.000001	0	0	0	0	NA	100	458	0	0	1	458	1	458	0	927	DUF772	PF05598.17	-	1.8E-19	70.6	0	3.8E-19	69.6	0	1.6	1	0	0	1	1	1	1	Transposase
WP_069959677.1	type VI lipase adapter Tla3 domain-containing protein [Xanthomonas oryzae]	OTHER	1	0	0	0	0	0	NA	100	560	0	0	1	560	1	560	0	1136	Tla3_C	PF20995.4	-	2.7E-49	167.2	0	6.2E-49	166.1	0	1.6	2	0	0	2	2	2	1	Type
WP_069959761.1	ISL3-like element ISXoo13 family transposase [Xanthomonas oryzae]	OTHER	1	0	0	0	0	0	NA	100	411	0	0	1	411	1	411	0	849	DDE_Tnp_ISL3	PF01610.24	-	2E-60	205.2	0.6	2.5E-60	204.9	0.6	1.1	1	0	0	1	1	1	1	Transposase
WP_069960164.1	PAAR domain-containing protein [Xanthomonas oryzae]	OTHER	0.999547	0.000486	0.000003	0.000001	0	0.000001	NA	100	87	0	0	1	87	1	87	1.19E-59	171	PAAR_motif	PF05488.19	-	2.4E-18	66.6	3.3	2.8E-18	66.4	3.3	1	1	0	0	1	1	1	1	PAAR
WP_069963868.1	IS5 family transposase [Xanthomonas oryzae]	OTHER	1	0	0	0	0	0	NA	100	365	0	0	1	365	1	365	0	755	DUF772	PF05598.17	-	2.5E-28	99	0.1	5.3E-28	98	0.1	1.6	1	0	0	1	1	1	1	Transposase
WP_069965005.1	IS5 family transposase [Xanthomonas oryzae]	OTHER	1	0.000001	0	0	0	0	NA	100	458	0	0	1	458	1	458	0	927	DUF772	PF05598.17	-	1.9E-19	70.5	0	3.7E-19	69.6	0	1.5	1	0	0	1	1	1	1	Transposase
WP_070808022.1	IS5 family transposase [Xanthomonas oryzae]	OTHER	1	0.000001	0	0	0	0	NA	100	458	0	0	1	458	1	458	0	927	DUF772	PF05598.17	-	1.3E-19	71.1	0	2.7E-19	70.1	0	1.6	1	0	0	1	1	1	1	Transposase
WP_075239572.1	Tox-REase-5 domain-containing protein [Xanthomonas oryzae]	OTHER	1	0	0	0	0	0	NA	100	235	0	0	1	235	1	235	0	490	Tox-REase-5	PF15648.13	-	4.6E-16	59.8	1.3	4.1E-15	56.8	0.3	2.2	2	0	0	2	2	2	1	Restriction
WP_075239573.1	Imm52 family immunity protein [Xanthomonas oryzae]	OTHER	1	0.000012	0	0	0	0	NA	100	248	0	0	1	248	1	248	0	513	Imm52	PF15579.11	-	0.0000000012	38.8	0	0.0000015	28.6	0	2.1	2	0	0	2	2	2	2	Immunity
WP_075239865.1	cytochrome-c peroxidase [Xanthomonas oryzae]	OTHER	0.555549	0.439837	0.003774	0.000302	0.000217	0.000322	NA	100	254	0	0	1	254	1	254	0	525	CCP_MauG	PF03150.20	-	7E-37	127.9	0	9.1E-37	127.6	0	1.1	1	0	0	1	1	1	1	Di-haem
WP_075244499.1	hypothetical protein [Xanthomonas oryzae]	LIPO	0	0	1	0	0	0	CS pos: 18-19. Pr: 0.9965	100	165	0	0	1	165	1	165	1.24E-120	331	NA	NA	NA	NA	NA	NA	NA	NA	NA	NA	NA	NA	NA	NA	NA	NA	NA	NA
WP_080256641.1	RHS repeat protein [Xanthomonas oryzae]	OTHER	1	0	0	0	0	0	NA	100	336	0	0	1	336	1	336	0	688	RHS_repeat	PF05593.20	-	1.3E-40	137.6	27.4	0.000000062	33.4	1.5	9	5	4	4	9	9	9	8	RHS
WP_082322912.1	transposase [Xanthomonas oryzae]	OTHER	1	0	0	0	0	0	NA	100	102	0	0	1	102	1	102	3.23E-73	206	DDE_Tnp_1_2	PF13586.13	-	0.000000001	39.3	0.4	0.0000000014	38.9	0.4	1.1	1	0	0	1	1	1	1	Transposase
WP_082323190.1	IS701-like element ISXo15 family transposase [Xanthomonas oryzae]	OTHER	1	0	0	0	0	0	NA	100	432	0	0	1	432	1	432	0	889	DDE_5	PF13546.13	-	7.3E-84	282.1	10.4	1.2E-83	281.4	10.4	1.4	1	0	0	1	1	1	1	DDE
WP_082356988.1	IS5-like element ISXoo14 family transposase [Xanthomonas oryzae]	OTHER	1	0	0	0	0	0	NA	100	395	0	0	1	395	1	395	0	818	DUF772	PF05598.17	-	3.3E-28	98.6	0.1	6.1E-28	97.8	0.1	1.4	1	0	0	1	1	1	1	Transposase
WP_094187715.1	MULTISPECIES: IS5 family transposase [Gammaproteobacteria]	OTHER	1	0	0	0	0	0	NA	99.606	254	1	0	1	254	1	254	0	530	DUF4096	PF13340.12	-	6.5E-21	74.9	0.6	1.2E-20	74.1	0.1	1.7	2	0	0	2	2	2	1	Putative
WP_094187716.1	IS5 family transposase [Xanthomonas oryzae]	OTHER	1	0	0	0	0	0	NA	100	266	0	0	1	266	1	266	0	550	DDE_Tnp_1	PF01609.28	-	3.2E-30	106	0.1	5.1E-30	105.3	0.1	1.3	1	0	0	1	1	1	1	Transposase
WP_094187724.1	IS5 family transposase [Xanthomonas oryzae]	OTHER	1	0	0	0	0	0	NA	100	254	0	0	1	254	1	254	0	531	DUF4096	PF13340.12	-	8E-21	74.7	0.8	1.2E-20	74.1	0.1	1.7	2	0	0	2	2	2	1	Putative
WP_094187728.1	IS5 family transposase [Xanthomonas oryzae]	OTHER	1	0	0	0	0	0	NA	100	266	0	0	1	266	1	266	0	550	DDE_Tnp_1	PF01609.28	-	3.5E-31	109.1	0.1	5.5E-31	108.5	0.1	1.3	1	0	0	1	1	1	1	Transposase
WP_094187731.1	IS5 family transposase [Xanthomonas oryzae]	OTHER	1	0	0	0	0	0	NA	100	266	0	0	1	266	1	266	0	550	DDE_Tnp_1	PF01609.28	-	7.1E-31	108.1	0.1	1.1E-30	107.5	0.1	1.3	1	0	0	1	1	1	1	Transposase
WP_094187735.1	IS5 family transposase [Xanthomonas oryzae]	OTHER	1	0	0	0	0	0	NA	100	254	0	0	1	254	1	254	0	530	DUF4096	PF13340.12	-	6.5E-21	74.9	0.6	1.2E-20	74.1	0.1	1.7	2	0	0	2	2	2	1	Putative
WP_094187736.1	IS5 family transposase [Xanthomonas oryzae]	OTHER	1	0	0	0	0	0	NA	100	254	0	0	1	254	1	254	0	530	DUF4096	PF13340.12	-	6.6E-21	74.9	0.6	1.2E-20	74.1	0.1	1.7	2	0	0	2	2	2	1	Putative
WP_094187737.1	IS5 family transposase [Xanthomonas oryzae]	OTHER	1	0	0	0	0	0	NA	100	251	0	0	1	251	1	251	0	520	DDE_Tnp_1	PF01609.28	-	5E-28	98.8	0.4	7.6E-28	98.2	0.3	1.4	2	0	0	2	2	2	1	Transposase
WP_094187753.1	IS5 family transposase [Xanthomonas oryzae]	OTHER	1	0	0	0	0	0	NA	100	266	0	0	1	266	1	266	0	550	DDE_Tnp_1	PF01609.28	-	7E-31	108.1	0.1	1.1E-30	107.5	0.1	1.3	1	0	0	1	1	1	1	Transposase
WP_094187758.1	IS5 family transposase [Xanthomonas oryzae]	OTHER	1	0	0	0	0	0	NA	100	266	0	0	1	266	1	266	0	550	DDE_Tnp_1	PF01609.28	-	7E-31	108.1	0.1	1.1E-30	107.5	0.1	1.3	1	0	0	1	1	1	1	Transposase
WP_094187763.1	MULTISPECIES: IS5 family transposase [Gammaproteobacteria]	OTHER	1	0	0	0	0	0	NA	100	266	0	0	1	266	1	266	0	551	DDE_Tnp_1	PF01609.28	-	7.1E-31	108.1	0.1	1.1E-30	107.5	0.1	1.3	1	0	0	1	1	1	1	Transposase
WP_094187765.1	IS5 family transposase [Xanthomonas oryzae]	OTHER	1	0	0	0	0	0	NA	100	254	0	0	1	254	1	254	0	531	DUF4096	PF13340.12	-	3.7E-21	75.7	0.6	6.3E-21	75	0.1	1.7	2	0	0	2	2	2	1	Putative
WP_094187766.1	IS5 family transposase [Xanthomonas oryzae]	OTHER	1	0	0	0	0	0	NA	100	266	0	0	1	266	1	266	0	549	DDE_Tnp_1	PF01609.28	-	7.1E-31	108.1	0.1	1.1E-30	107.5	0.1	1.3	1	0	0	1	1	1	1	Transposase
WP_094187777.1	IS5 family transposase [Xanthomonas oryzae]	OTHER	1	0	0	0	0	0	NA	100	266	0	0	1	266	1	266	0	550	DDE_Tnp_1	PF01609.28	-	3.5E-31	109.1	0.1	5.5E-31	108.5	0.1	1.3	1	0	0	1	1	1	1	Transposase
WP_094187784.1	IS5 family transposase [Xanthomonas oryzae]	OTHER	1	0	0	0	0	0	NA	100	254	0	0	1	254	1	254	0	530	DUF4096	PF13340.12	-	6.5E-21	74.9	0.6	1.2E-20	74.1	0.1	1.7	2	0	0	2	2	2	1	Putative
WP_094187801.1	IS5 family transposase [Xanthomonas oryzae]	OTHER	1	0	0	0	0	0	NA	100	266	0	0	1	266	1	266	0	550	DDE_Tnp_1	PF01609.28	-	7.1E-31	108.1	0.1	1.1E-30	107.5	0.1	1.3	1	0	0	1	1	1	1	Transposase
WP_099051268.1	IS5 family transposase [Xanthomonas oryzae]	OTHER	1	0	0	0	0	0	NA	100	254	0	0	1	254	1	254	0	530	DUF4096	PF13340.12	-	6.6E-21	74.9	0.6	1.2E-20	74.1	0.1	1.7	2	0	0	2	2	2	1	Putative
WP_099051275.1	IS5 family transposase [Xanthomonas oryzae]	OTHER	1	0	0	0	0	0	NA	100	266	0	0	1	266	1	266	0	550	DDE_Tnp_1	PF01609.28	-	6.9E-31	108.2	0.1	1.1E-30	107.5	0.1	1.3	1	0	0	1	1	1	1	Transposase
WP_099051287.1	IS5 family transposase [Xanthomonas oryzae]	OTHER	1	0	0	0	0	0	NA	100	254	0	0	1	254	1	254	0	530	DUF4096	PF13340.12	-	6.6E-21	74.9	0.6	1.2E-20	74.1	0.1	1.7	2	0	0	2	2	2	1	Putative
WP_099051291.1	IS5 family transposase [Xanthomonas oryzae]	OTHER	1	0	0	0	0	0	NA	100	266	0	0	1	266	1	266	0	550	DDE_Tnp_1	PF01609.28	-	6.6E-28	98.4	0.1	1E-27	97.8	0.1	1.3	1	0	0	1	1	1	1	Transposase
WP_099051298.1	IS5 family transposase [Xanthomonas oryzae]	OTHER	1	0	0	0	0	0	NA	100	266	0	0	1	266	1	266	0	551	DDE_Tnp_1	PF01609.28	-	7E-31	108.1	0.2	1.1E-30	107.5	0.1	1.4	2	0	0	2	2	2	1	Transposase
WP_099051302.1	IS5 family transposase [Xanthomonas oryzae]	OTHER	1	0	0	0	0	0	NA	100	266	0	0	1	266	1	266	0	550	DDE_Tnp_1	PF01609.28	-	3.5E-31	109.1	0.1	5.5E-31	108.5	0.1	1.3	1	0	0	1	1	1	1	Transposase
WP_099051311.1	IS5 family transposase [Xanthomonas oryzae]	OTHER	1	0	0	0	0	0	NA	100	266	0	0	1	266	1	266	0	551	DDE_Tnp_1	PF01609.28	-	1.2E-30	107.3	0.2	1.9E-30	106.7	0.1	1.3	2	0	0	2	2	2	1	Transposase
WP_099051312.1	IS5 family transposase [Xanthomonas oryzae]	OTHER	1	0	0	0	0	0	NA	100	254	0	0	1	254	1	254	0	530	DUF4096	PF13340.12	-	6.5E-21	74.9	0.6	1.2E-20	74.1	0.1	1.7	2	0	0	2	2	2	1	Putative
WP_109181925.1	IS5 family transposase [Xanthomonas oryzae]	OTHER	1	0	0	0	0	0	NA	99.606	254	1	0	1	254	1	254	0	529	DUF4096	PF13340.12	-	6.5E-21	74.9	0.6	1.2E-20	74.1	0.1	1.7	2	0	0	2	2	2	1	Putative
WP_109181928.1	MULTISPECIES: IS1595-like element ISXo5 family transposase [Gammaproteobacteria]	OTHER	1	0	0	0	0	0	NA	100	321	0	0	1	321	1	321	0	669	DDE_Tnp_IS1595	PF12762.14	-	1E-36	126.8	0	1.5E-36	126.3	0	1.2	1	0	0	1	1	1	1	ISXO2-like
WP_109181945.1	IS5 family transposase [Xanthomonas oryzae]	OTHER	1	0	0	0	0	0	NA	100	254	0	0	1	254	1	254	0	529	DUF4096	PF13340.12	-	6.5E-21	74.9	0.6	1.2E-20	74.1	0.1	1.7	2	0	0	2	2	2	1	Putative
WP_109181955.1	IS630 family transposase [Xanthomonas oryzae]	OTHER	1	0	0	0	0	0	NA	100	352	0	0	1	352	1	352	0	711	DDE_3	PF13358.13	-	9E-32	110.5	0	1.2E-31	110.1	0	1.2	1	0	0	1	1	1	1	DDE
WP_109181970.1	IS1595-like element ISXo5 family transposase [Xanthomonas oryzae]	OTHER	1	0	0	0	0	0	NA	100	321	0	0	1	321	1	321	0	669	DDE_Tnp_IS1595	PF12762.14	-	1E-36	126.8	0	1.5E-36	126.3	0	1.2	1	0	0	1	1	1	1	ISXO2-like
WP_109182013.1	IS1595-like element ISXo5 family transposase [Xanthomonas oryzae]	OTHER	1	0	0	0	0	0	NA	100	321	0	0	1	321	1	321	0	668	DDE_Tnp_IS1595	PF12762.14	-	4.1E-34	118.3	0	5.9E-34	117.8	0	1.2	1	0	0	1	1	1	1	ISXO2-like
WP_109182023.1	IS5 family transposase [Xanthomonas oryzae]	OTHER	1	0	0	0	0	0	NA	100	266	0	0	1	266	1	266	0	550	DDE_Tnp_1	PF01609.28	-	3.4E-31	109.2	0.1	5.3E-31	108.5	0.1	1.3	1	0	0	1	1	1	1	Transposase
WP_109182027.1	IS1595-like element ISXo5 family transposase [Xanthomonas oryzae]	OTHER	1	0	0	0	0	0	NA	100	321	0	0	1	321	1	321	0	668	DDE_Tnp_IS1595	PF12762.14	-	1E-36	126.8	0	1.5E-36	126.3	0	1.2	1	0	0	1	1	1	1	ISXO2-like
WP_109182041.1	IS5 family transposase [Xanthomonas oryzae]	OTHER	1	0	0	0	0	0	NA	100	266	0	0	1	266	1	266	0	550	DDE_Tnp_1	PF01609.28	-	3.2E-30	106	0.1	5.1E-30	105.3	0.1	1.3	1	0	0	1	1	1	1	Transposase
WP_109182067.1	IS1595-like element ISXo5 family transposase [Xanthomonas oryzae]	OTHER	1	0	0	0	0	0	NA	100	321	0	0	1	321	1	321	0	669	DDE_Tnp_IS1595	PF12762.14	-	4.1E-34	118.3	0	5.9E-34	117.8	0	1.2	1	0	0	1	1	1	1	ISXO2-like
WP_109182069.1	IS701-like element ISXo15 family transposase [Xanthomonas oryzae]	OTHER	1	0	0	0	0	0	NA	100	439	0	0	1	439	1	439	0	904	DDE_5	PF13546.13	-	6E-85	285.7	10	9.3E-85	285	10	1.3	1	0	0	1	1	1	1	DDE
WP_109182089.1	IS701-like element ISXo15 family transposase [Xanthomonas oryzae]	OTHER	1	0	0	0	0	0	NA	100	439	0	0	1	439	1	439	0	903	DDE_5	PF13546.13	-	1.1E-84	284.9	10.5	1.7E-84	284.2	10.5	1.3	1	0	0	1	1	1	1	DDE
WP_113118208.1	PAAR domain-containing protein [Xanthomonas oryzae]	OTHER	0.999995	0.000001	0.000004	0	0	0	NA	100	41	0	0	1	41	1	41	5.34E-26	82.8	PAAR_motif	PF05488.19	-	0.00000043	30.5	0.1	0.00000047	30.4	0.1	1.1	1	0	0	1	1	1	1	PAAR
WP_115801888.1	IS701-like element ISXo15 family transposase [Xanthomonas oryzae]	OTHER	1	0	0	0	0	0	NA	100	439	0	0	1	439	1	439	0	903	DDE_5	PF13546.13	-	8.2E-85	285.2	9.7	1.4E-84	284.4	9.7	1.4	1	0	0	1	1	1	1	DDE
WP_115801893.1	IS1595-like element ISXo5 family transposase [Xanthomonas oryzae]	OTHER	1	0	0	0	0	0	NA	100	321	0	0	1	321	1	321	0	669	DDE_Tnp_IS1595	PF12762.14	-	2.3E-36	125.6	0	3.3E-36	125.1	0	1.2	1	0	0	1	1	1	1	ISXO2-like
WP_115840174.1	IS1595-like element ISXo5 family transposase [Xanthomonas oryzae]	OTHER	1	0	0	0	0	0	NA	100	321	0	0	1	321	1	321	0	668	DDE_Tnp_IS1595	PF12762.14	-	1E-36	126.8	0	1.5E-36	126.3	0	1.2	1	0	0	1	1	1	1	ISXO2-like
WP_115840195.1	IS1595-like element ISXo5 family transposase [Xanthomonas oryzae]	OTHER	1	0	0	0	0	0	NA	100	321	0	0	1	321	1	321	0	667	DDE_Tnp_IS1595	PF12762.14	-	4.1E-34	118.3	0	5.9E-34	117.8	0	1.2	1	0	0	1	1	1	1	ISXO2-like
WP_115862280.1	IS701 family transposase [Xanthomonas oryzae]	OTHER	1	0	0	0	0	0	NA	100	439	0	0	1	439	1	439	0	904	DDE_5	PF13546.13	-	4.9E-83	279.4	10.1	7.5E-83	278.8	10.1	1.3	1	0	0	1	1	1	1	DDE
WP_115877336.1	IS1595-like element ISXo5 family transposase [Xanthomonas oryzae]	OTHER	1	0	0	0	0	0	NA	100	321	0	0	1	321	1	321	0	669	DDE_Tnp_IS1595	PF12762.14	-	9.6E-37	126.8	0	1.5E-36	126.3	0	1.3	1	0	0	1	1	1	1	ISXO2-like
WP_115877339.1	IS1595-like element ISXo5 family transposase [Xanthomonas oryzae]	OTHER	1	0	0	0	0	0	NA	100	321	0	0	1	321	1	321	0	669	DDE_Tnp_IS1595	PF12762.14	-	1.8E-36	126	0	2.6E-36	125.5	0	1.2	1	0	0	1	1	1	1	ISXO2-like
WP_115877340.1	IS701 family transposase [Xanthomonas oryzae]	OTHER	1	0	0	0	0	0	NA	100	439	0	0	1	439	1	439	0	903	DDE_5	PF13546.13	-	3.3E-84	283.2	9.9	5.5E-84	282.5	9.9	1.4	1	0	0	1	1	1	1	DDE
WP_115877350.1	IS701-like element ISXo15 family transposase [Xanthomonas oryzae]	OTHER	1	0	0	0	0	0	NA	100	439	0	0	1	439	1	439	0	903	DDE_5	PF13546.13	-	5E-85	285.9	10	9.3E-85	285	10	1.4	1	0	0	1	1	1	1	DDE
WP_115877358.1	IS701-like element ISXo15 family transposase [Xanthomonas oryzae]	OTHER	1	0	0	0	0	0	NA	100	439	0	0	1	439	1	439	0	903	DDE_5	PF13546.13	-	3.4E-83	279.9	10.1	6.9E-83	278.9	10.1	1.5	1	0	0	1	1	1	1	DDE
WP_115877360.1	IS701-like element ISXo15 family transposase [Xanthomonas oryzae]	OTHER	1	0	0	0	0	0	NA	100	439	0	0	1	439	1	439	0	904	DDE_5	PF13546.13	-	6.2E-85	285.6	9.8	9.6E-85	285	9.8	1.3	1	0	0	1	1	1	1	DDE
WP_115877362.1	IS701-like element ISXo15 family transposase [Xanthomonas oryzae]	OTHER	1	0	0	0	0	0	NA	100	439	0	0	1	439	1	439	0	903	DDE_5	PF13546.13	-	9.6E-84	281.7	9.6	1.7E-83	280.9	9.6	1.4	1	0	0	1	1	1	1	DDE
WP_115877367.1	IS701 family transposase [Xanthomonas oryzae]	OTHER	1	0	0	0	0	0	NA	100	439	0	0	1	439	1	439	0	903	DDE_5	PF13546.13	-	1.4E-82	277.9	10	2.4E-82	277.1	10	1.4	1	0	0	1	1	1	1	DDE
WP_115877369.1	IS701-like element ISXo15 family transposase [Xanthomonas oryzae]	OTHER	1	0	0	0	0	0	NA	100	439	0	0	1	439	1	439	0	904	DDE_5	PF13546.13	-	2.9E-83	280.2	9.8	4.6E-83	279.5	9.8	1.3	1	0	0	1	1	1	1	DDE
WP_115877372.1	IS1595-like element ISXo5 family transposase [Xanthomonas oryzae]	OTHER	1	0	0	0	0	0	NA	100	321	0	0	1	321	1	321	0	669	DDE_Tnp_IS1595	PF12762.14	-	4.1E-34	118.3	0	5.9E-34	117.8	0	1.2	1	0	0	1	1	1	1	ISXO2-like
WP_115877377.1	IS1595-like element ISXo5 family transposase [Xanthomonas oryzae]	OTHER	1	0	0	0	0	0	NA	100	321	0	0	1	321	1	321	0	668	DDE_Tnp_IS1595	PF12762.14	-	4E-34	118.4	0	5.9E-34	117.8	0	1.3	1	0	0	1	1	1	1	ISXO2-like
WP_115877379.1	IS1595-like element ISXo5 family transposase [Xanthomonas oryzae]	OTHER	1	0	0	0	0	0	NA	100	321	0	0	1	321	1	321	0	669	DDE_Tnp_IS1595	PF12762.14	-	9.8E-37	126.8	0	1.5E-36	126.3	0	1.3	1	0	0	1	1	1	1	ISXO2-like
WP_115877386.1	IS701-like element ISXo15 family transposase [Xanthomonas oryzae]	OTHER	1	0	0	0	0	0	NA	100	439	0	0	1	439	1	439	0	903	DDE_5	PF13546.13	-	6E-85	285.7	9.7	1E-84	284.9	9.7	1.4	1	0	0	1	1	1	1	DDE
WP_115877398.1	IS701-like element ISXo15 family transposase [Xanthomonas oryzae]	OTHER	1	0	0	0	0	0	NA	100	439	0	0	1	439	1	439	0	904	DDE_5	PF13546.13	-	1.9E-84	284.1	10.5	3.3E-84	283.3	10.5	1.4	1	0	0	1	1	1	1	DDE
WP_115877399.1	IS1595-like element ISXo5 family transposase [Xanthomonas oryzae]	OTHER	1	0	0	0	0	0	NA	100	321	0	0	1	321	1	321	0	669	DDE_Tnp_IS1595	PF12762.14	-	9.3E-37	126.9	0	1.3E-36	126.4	0	1.2	1	0	0	1	1	1	1	ISXO2-like
WP_115877400.1	IS1595-like element ISXo5 family transposase [Xanthomonas oryzae]	OTHER	1	0	0	0	0	0	NA	100	321	0	0	1	321	1	321	0	669	DDE_Tnp_IS1595	PF12762.14	-	1.8E-36	125.9	0	2.6E-36	125.4	0	1.2	1	0	0	1	1	1	1	ISXO2-like
WP_117231484.1	ISL3-like element ISXoo13 family transposase [Xanthomonas oryzae]	OTHER	1	0	0	0	0	0	NA	100	411	0	0	1	411	1	411	0	849	DDE_Tnp_ISL3	PF01610.24	-	3.3E-60	204.5	0.4	4.1E-60	204.1	0.4	1.1	1	0	0	1	1	1	1	Transposase
WP_117231488.1	IS701-like element ISXo15 family transposase [Xanthomonas oryzae]	OTHER	1	0	0	0	0	0	NA	100	439	0	0	1	439	1	439	0	903	DDE_5	PF13546.13	-	1.9E-84	284	10.5	3.3E-84	283.3	10.5	1.4	1	0	0	1	1	1	1	DDE
WP_117231607.1	IS5 family transposase [Xanthomonas oryzae]	OTHER	1	0	0	0	0	0	NA	100	254	0	0	1	254	1	254	0	530	DUF4096	PF13340.12	-	5E-21	75.3	0.6	8.9E-21	74.5	0.1	1.7	2	0	0	2	2	2	1	Putative
WP_117231608.1	IS5 family transposase [Xanthomonas oryzae]	OTHER	1	0	0	0	0	0	NA	100	254	0	0	1	254	1	254	0	530	DUF4096	PF13340.12	-	6.4E-21	75	0.6	1.2E-20	74.1	0.1	1.7	2	0	0	2	2	2	1	Putative
WP_125168734.1	RHS repeat domain-containing protein [Xanthomonas oryzae]	SP	0.059359	0.930323	0.00926	0.000479	0.000281	0.000282	CS pos: 42-43. Pr: 0.8611	100	92	0	0	1	92	1	92	5.84E-65	185	NA	NA	NA	NA	NA	NA	NA	NA	NA	NA	NA	NA	NA	NA	NA	NA	NA	NA
WP_128415342.1	hypothetical protein [Xanthomonas oryzae]	LIPO	0	0.000001	1	0	0	0	CS pos: 18-19. Pr: 0.9943	100	159	0	0	1	159	1	159	8.37E-118	323	NA	NA	NA	NA	NA	NA	NA	NA	NA	NA	NA	NA	NA	NA	NA	NA	NA	NA
WP_129215533.1	IS5 family transposase [Xanthomonas oryzae]	OTHER	1	0	0	0	0	0	NA	100	254	0	0	1	254	1	254	0	530	DUF4096	PF13340.12	-	6.5E-21	75	0.6	1.2E-20	74.1	0.1	1.7	2	0	0	2	2	2	1	Putative
WP_129215534.1	IS701-like element ISXo15 family transposase [Xanthomonas oryzae]	OTHER	1	0	0	0	0	0	NA	100	439	0	0	1	439	1	439	0	904	DDE_5	PF13546.13	-	5.8E-85	285.7	10	9.3E-85	285	10	1.3	1	0	0	1	1	1	1	DDE
WP_129215535.1	IS701 family transposase [Xanthomonas oryzae]	OTHER	1	0	0	0	0	0	NA	100	439	0	0	1	439	1	439	0	904	DDE_5	PF13546.13	-	5.7E-84	282.5	9.8	8.8E-84	281.8	9.8	1.3	1	0	0	1	1	1	1	DDE
WP_129215537.1	IS1595-like element ISXo5 family transposase [Xanthomonas oryzae]	OTHER	1	0	0	0	0	0	NA	100	321	0	0	1	321	1	321	0	669	DDE_Tnp_IS1595	PF12762.14	-	9.5E-37	126.9	0	1.5E-36	126.3	0	1.3	1	0	0	1	1	1	1	ISXO2-like
WP_129215540.1	type VI secretion system Vgr family protein [Xanthomonas oryzae]	OTHER	1	0	0	0	0	0	NA	100	906	0	0	1	906	1	906	0	1831	Phage_GPD	PF05954.18	-	6.1E-67	226.5	4.2	6.1E-67	226.5	4.2	1.9	2	0	0	2	2	2	1	Phage
WP_129215542.1	IS1595-like element ISXo5 family transposase [Xanthomonas oryzae]	OTHER	1	0	0	0	0	0	NA	100	321	0	0	1	321	1	321	0	668	DDE_Tnp_IS1595	PF12762.14	-	2.8E-35	122.1	0	4.3E-35	121.5	0	1.3	1	0	0	1	1	1	1	ISXO2-like
WP_129215543.1	IS701-like element ISXo15 family transposase [Xanthomonas oryzae]	OTHER	1	0	0	0	0	0	NA	100	439	0	0	1	439	1	439	0	905	DDE_5	PF13546.13	-	1.1E-84	284.9	10.3	1.7E-84	284.2	10.3	1.3	1	0	0	1	1	1	1	DDE
WP_129215544.1	IS5 family transposase [Xanthomonas oryzae]	OTHER	1	0	0	0	0	0	NA	100	254	0	0	1	254	1	254	0	530	DUF4096	PF13340.12	-	6.2E-21	75	0.6	1.1E-20	74.2	0.1	1.7	2	0	0	2	2	2	1	Putative
WP_129215546.1	IS5 family transposase [Xanthomonas oryzae]	OTHER	1	0	0	0	0	0	NA	100	244	0	0	1	244	1	244	0	509	DDE_Tnp_1	PF01609.28	-	2.1E-19	70.7	0.9	1.5E-17	64.6	0.9	2.1	1	1	0	1	1	1	1	Transposase
WP_129215550.1	IS1595-like element ISXo5 family transposase [Xanthomonas oryzae]	OTHER	1	0	0	0	0	0	NA	100	321	0	0	1	321	1	321	0	669	DDE_Tnp_IS1595	PF12762.14	-	4E-33	115.1	0	6E-33	114.5	0	1.3	1	0	0	1	1	1	1	ISXO2-like
WP_129215551.1	ISL3-like element ISXoo13 family transposase [Xanthomonas oryzae]	OTHER	1	0	0	0	0	0	NA	100	411	0	0	1	411	1	411	0	849	DDE_Tnp_ISL3	PF01610.24	-	2.3E-59	201.7	0.4	2.9E-59	201.4	0.4	1.1	1	0	0	1	1	1	1	Transposase
WP_129215552.1	IS701-like element ISXo15 family transposase [Xanthomonas oryzae]	OTHER	1	0	0	0	0	0	NA	100	439	0	0	1	439	1	439	0	905	DDE_5	PF13546.13	-	1.1E-84	284.9	10.3	1.7E-84	284.2	10.3	1.3	1	0	0	1	1	1	1	DDE
WP_129215553.1	IS701-like element ISXo15 family transposase [Xanthomonas oryzae]	OTHER	1	0	0	0	0	0	NA	100	439	0	0	1	439	1	439	0	903	DDE_5	PF13546.13	-	1.9E-84	284.1	10.5	3.3E-84	283.3	10.5	1.4	1	0	0	1	1	1	1	DDE
WP_129215554.1	IS5 family transposase [Xanthomonas oryzae]	OTHER	1	0	0	0	0	0	NA	100	254	0	0	1	254	1	254	0	530	DUF4096	PF13340.12	-	5E-21	75.3	0.6	8.9E-21	74.5	0.1	1.7	2	0	0	2	2	2	1	Putative
WP_129215558.1	IS701 family transposase [Xanthomonas oryzae]	OTHER	1	0	0	0	0	0	NA	100	439	0	0	1	439	1	439	0	902	DDE_5	PF13546.13	-	5.8E-85	285.7	9.8	9.6E-85	285	9.8	1.4	1	0	0	1	1	1	1	DDE
WP_129215560.1	IS5 family transposase [Xanthomonas oryzae]	OTHER	1	0	0	0	0	0	NA	100	266	0	0	1	266	1	266	0	551	DDE_Tnp_1	PF01609.28	-	2.4E-31	109.6	0.1	3.8E-31	109	0.1	1.3	1	0	0	1	1	1	1	Transposase
WP_129215561.1	IS1595-like element ISXo5 family transposase [Xanthomonas oryzae]	OTHER	1	0	0	0	0	0	NA	100	321	0	0	1	321	1	321	0	667	DDE_Tnp_IS1595	PF12762.14	-	4.1E-33	115	0	6E-33	114.5	0	1.2	1	0	0	1	1	1	1	ISXO2-like
WP_129215562.1	IS5 family transposase [Xanthomonas oryzae]	OTHER	1	0	0	0	0	0	NA	100	266	0	0	1	266	1	266	0	550	DDE_Tnp_1	PF01609.28	-	1.1E-30	107.5	0.2	1.7E-30	106.8	0.2	1.3	1	0	0	1	1	1	1	Transposase
WP_129215563.1	IS1595-like element ISXo5 family transposase [Xanthomonas oryzae]	OTHER	1	0	0	0	0	0	NA	100	321	0	0	1	321	1	321	0	669	DDE_Tnp_IS1595	PF12762.14	-	4E-33	115.1	0	5.7E-33	114.6	0	1.2	1	0	0	1	1	1	1	ISXO2-like
WP_129215565.1	IS4 family transposase [Xanthomonas oryzae]	OTHER	1	0	0	0	0	0	NA	100	401	0	0	1	401	1	401	0	797	DDE_Tnp_1	PF01609.28	-	8.2E-24	85.1	0.7	2E-22	80.5	0	2.2	2	0	0	2	2	2	2	Transposase
WP_129215567.1	IS5 family transposase [Xanthomonas oryzae]	OTHER	1	0	0	0	0	0	NA	100	266	0	0	1	266	1	266	0	550	DDE_Tnp_1	PF01609.28	-	3.5E-31	109.1	0.1	5.5E-31	108.5	0.1	1.3	1	0	0	1	1	1	1	Transposase
WP_129215568.1	IS5 family transposase [Xanthomonas oryzae]	OTHER	1	0	0	0	0	0	NA	100	266	0	0	1	266	1	266	0	550	DDE_Tnp_1	PF01609.28	-	3.5E-31	109.1	0.1	5.5E-31	108.5	0.1	1.3	1	0	0	1	1	1	1	Transposase
WP_129215569.1	T6SS effector phospholipase Tle3 domain-containing protein [Xanthomonas oryzae]	OTHER	1	0.000004	0	0	0	0	NA	100	734	0	0	1	734	1	734	0	1525	Tle3	PF24322.3	-	2E-89	300.8	0	2.8E-89	300.4	0	1.1	1	0	0	1	1	1	1	T6SS
WP_129215570.1	T6SS effector phospholipase Tle3 domain-containing protein [Xanthomonas oryzae]	OTHER	1	0.000009	0	0	0	0	NA	100	734	0	0	1	734	1	734	0	1525	Tle3	PF24322.3	-	4.3E-90	303	0	5.9E-90	302.6	0	1.1	1	0	0	1	1	1	1	T6SS
WP_129215571.1	type VI lipase adapter Tla3 domain-containing protein [Xanthomonas oryzae]	OTHER	1	0	0	0	0	0	NA	100	563	0	0	1	563	1	563	0	1148	Tla3_C	PF20995.4	-	2.4E-50	170.6	0	5.1E-50	169.6	0	1.6	1	0	0	1	1	1	1	Type
WP_129215572.1	T6SS effector phospholipase Tle3 domain-containing protein [Xanthomonas oryzae]	OTHER	1	0.000009	0	0	0	0	NA	100	720	0	0	1	720	1	720	0	1500	Tle3	PF24322.3	-	8.9E-91	305.3	0	1.3E-90	304.8	0	1.2	1	0	0	1	1	1	1	T6SS
WP_129215573.1	type VI lipase adapter Tla3 domain-containing protein [Xanthomonas oryzae]	OTHER	1	0	0	0	0	0	NA	100	558	0	0	1	558	1	558	0	1132	Tla3_C	PF20995.4	-	1.4E-50	171.5	0	3.1E-50	170.3	0	1.6	2	0	0	2	2	2	1	Type
WP_129215581.1	DUF3304 domain-containing protein [Xanthomonas oryzae]	LIPO	0.003863	0.094658	0.901009	0.000394	0.000078	0.000024	CS pos: 35-36. Pr: 0.9939	100	198	0	0	1	198	1	198	9.1E-149	405	DUF3304	PF11745.14	-	7.9E-22	78.1	0	1.1E-21	77.7	0	1.2	1	0	0	1	1	1	1	Protein
WP_129215582.1	T6SS phospholipase effector Tle1-like catalytic domain-containing protein [Xanthomonas oryzae]	OTHER	1	0	0	0	0	0	NA	100	743	0	0	1	743	1	743	0	1529	T6SS_Tle1-like_cat	PF09994.15	-	8E-26	91.6	0	6.5E-13	49.2	0	3.4	3	0	0	3	3	3	3	T6SS,
WP_129215584.1	type VI secretion system Vgr family protein [Xanthomonas oryzae]	OTHER	0.999895	0.00016	0	0	0	0	NA	100	845	0	0	1	845	1	845	0	1670	Phage_GPD	PF05954.18	-	3.5E-63	214.1	6.2	3.5E-63	214.1	6.2	1.7	2	0	0	2	2	2	1	Phage
WP_129215585.1	type VI secretion system Vgr family protein [Xanthomonas oryzae]	OTHER	1	0	0	0	0	0	NA	100	920	0	0	1	920	1	920	0	1829	Phage_GPD	PF05954.18	-	2.1E-70	237.8	7.4	2.1E-70	237.8	7.4	1.5	2	0	0	2	2	2	1	Phage
WP_129215587.1	T6SS effector BTH_I2691 family protein [Xanthomonas oryzae]	OTHER	1	0.000001	0	0	0	0	NA	100	954	0	0	1	954	1	954	0	1943	VasX_N	PF20249.4	-	1.5E-41	142.6	0	2.8E-41	141.8	0	1.4	1	0	0	1	1	1	1	VasX
WP_129215591.1	IS701-like element ISXo15 family transposase [Xanthomonas oryzae]	OTHER	1	0	0	0	0	0	NA	100	439	0	0	1	439	1	439	0	904	DDE_5	PF13546.13	-	1E-84	284.9	10.1	1.8E-84	284.1	10.1	1.4	1	0	0	1	1	1	1	DDE
WP_129215592.1	IS1595-like element ISXo5 family transposase [Xanthomonas oryzae]	OTHER	1	0	0	0	0	0	NA	100	321	0	0	1	321	1	321	0	668	DDE_Tnp_IS1595	PF12762.14	-	4.1E-34	118.3	0	5.9E-34	117.8	0	1.2	1	0	0	1	1	1	1	ISXO2-like
WP_129215593.1	IS5 family transposase [Xanthomonas oryzae]	OTHER	1	0	0	0	0	0	NA	100	266	0	0	1	266	1	266	0	550	DDE_Tnp_1	PF01609.28	-	4.9E-31	108.6	0.1	7.6E-31	108	0.1	1.3	1	0	0	1	1	1	1	Transposase
WP_129215594.1	IS1595-like element ISXo5 family transposase [Xanthomonas oryzae]	OTHER	1	0	0	0	0	0	NA	100	321	0	0	1	321	1	321	0	668	DDE_Tnp_IS1595	PF12762.14	-	1E-36	126.8	0	1.5E-36	126.3	0	1.2	1	0	0	1	1	1	1	ISXO2-like
WP_129215596.1	T6SS effector BTH_I2691 family protein [Xanthomonas oryzae]	OTHER	1	0.000001	0	0	0	0	NA	100	955	0	0	1	955	1	955	0	1943	VasX_N	PF20249.4	-	1.4E-41	142.8	0	2.6E-41	141.9	0	1.4	1	0	0	1	1	1	1	VasX
WP_129215597.1	type VI secretion system Vgr family protein [Xanthomonas oryzae]	OTHER	1	0.000001	0	0	0	0	NA	100	892	0	0	1	892	1	892	0	1792	DUF2345	PF10106.15	-	1.3E-29	103.6	8.3	1.3E-29	103.6	8.3	1.7	2	0	0	2	2	2	1	Uncharacterized
WP_129215599.1	IS630 family transposase [Xanthomonas oryzae]	OTHER	1	0.000001	0	0	0	0	NA	100	360	0	0	1	360	1	360	0	749	DDE_3	PF13358.13	-	1.9E-18	67.3	0.1	5.3E-18	65.9	0	1.8	2	0	0	2	2	2	1	DDE
WP_129215603.1	ISL3-like element ISXoo13 family transposase [Xanthomonas oryzae]	OTHER	1	0	0	0	0	0	NA	100	411	0	0	1	411	1	411	0	851	DDE_Tnp_ISL3	PF01610.24	-	3.1E-60	204.5	0.5	3.9E-60	204.2	0.5	1.1	1	0	0	1	1	1	1	Transposase
WP_129215604.1	IS630 family transposase [Xanthomonas oryzae]	OTHER	1	0	0	0	0	0	NA	100	352	0	0	1	352	1	352	0	715	DDE_3	PF13358.13	-	2.2E-32	112.5	0	3.1E-32	112	0	1.2	1	0	0	1	1	1	1	DDE
WP_129215605.1	IS4-like element ISXo14 family transposase [Xanthomonas oryzae]	OTHER	1	0	0	0	0	0	NA	100	404	0	0	1	404	1	404	0	801	DDE_Tnp_1	PF01609.28	-	1E-22	81.5	0	2E-22	80.5	0	1.5	1	0	0	1	1	1	1	Transposase
WP_129215608.1	IPT/TIG domain-containing protein [Xanthomonas oryzae]	OTHER	1	0.000009	0	0	0	0	NA	100	1441	0	0	1	1441	1	1441	0	2791	TIG	PF01833.31	-	0.0000000087	35.9	28.6	0.00000014	32	2.5	5.6	5	0	0	5	5	5	2	IPT/TIG
WP_129215611.1	IS630 family transposase [Xanthomonas oryzae]	OTHER	1	0	0	0	0	0	NA	100	352	0	0	1	352	1	352	0	710	DDE_3	PF13358.13	-	4.5E-32	111.5	0	6.6E-32	111	0	1.3	1	0	0	1	1	1	1	DDE
WP_129215613.1	IS1595-like element ISXo5 family transposase [Xanthomonas oryzae]	OTHER	1	0	0	0	0	0	NA	100	321	0	0	1	321	1	321	0	668	DDE_Tnp_IS1595	PF12762.14	-	7.7E-36	123.9	0	1.1E-35	123.4	0	1.2	1	0	0	1	1	1	1	ISXO2-like
WP_129215614.1	IS30-like element IS1112 family transposase [Xanthomonas oryzae]	OTHER	1	0	0	0	0	0	NA	100	318	0	0	1	318	1	318	0	648	HTH_38	PF13936.13	-	6.5E-16	58.4	6	3E-15	56.2	1	2.6	2	0	0	2	2	2	1	Helix-turn-helix
WP_129215616.1	ISL3-like element ISXoo13 family transposase [Xanthomonas oryzae]	OTHER	1	0	0	0	0	0	NA	100	411	0	0	1	411	1	411	0	850	DDE_Tnp_ISL3	PF01610.24	-	8.2E-60	203.2	0.5	1E-59	202.8	0.5	1.1	1	0	0	1	1	1	1	Transposase
WP_129215617.1	IS4-like element ISXo14 family transposase [Xanthomonas oryzae]	OTHER	1	0	0	0	0	0	NA	100	404	0	0	1	404	1	404	0	802	DDE_Tnp_1	PF01609.28	-	3E-22	80	0	5.5E-22	79.1	0	1.4	1	0	0	1	1	1	1	Transposase
WP_129215618.1	IS701 family transposase [Xanthomonas oryzae]	OTHER	1	0	0	0	0	0	NA	100	439	0	0	1	439	1	439	0	904	DDE_5	PF13546.13	-	1.9E-84	284	10.5	3.3E-84	283.3	10.5	1.4	1	0	0	1	1	1	1	DDE
WP_129215619.1	IS701-like element ISXo15 family transposase [Xanthomonas oryzae]	OTHER	1	0	0	0	0	0	NA	100	439	0	0	1	439	1	439	0	904	DDE_5	PF13546.13	-	2.6E-84	283.6	9.8	4.5E-84	282.8	9.8	1.4	1	0	0	1	1	1	1	DDE
WP_129215620.1	IS5 family transposase [Xanthomonas oryzae]	OTHER	1	0	0	0	0	0	NA	100	353	0	0	1	353	1	353	0	732	DUF772	PF05598.17	-	1.2E-25	90.5	0.1	2.4E-25	89.5	0.1	1.5	1	0	0	1	1	1	1	Transposase
WP_129215621.1	IS630 family transposase [Xanthomonas oryzae]	OTHER	1	0	0	0	0	0	NA	100	343	0	0	1	343	1	343	0	699	DDE_3	PF13358.13	-	4.6E-31	108.2	0	6.7E-31	107.7	0	1.3	1	0	0	1	1	1	1	DDE
WP_129215623.1	IS1595-like element ISXo5 family transposase [Xanthomonas oryzae]	OTHER	1	0	0	0	0	0	NA	100	321	0	0	1	321	1	321	0	669	DDE_Tnp_IS1595	PF12762.14	-	1.8E-36	126	0	2.6E-36	125.4	0	1.2	1	0	0	1	1	1	1	ISXO2-like
WP_129215624.1	T6SS effector BTH_I2691 family protein [Xanthomonas oryzae]	OTHER	0.999838	0.000145	0.000021	0.000001	0	0.000008	NA	100	944	0	0	1	944	1	944	0	1948	VasX_N	PF20249.4	-	2.7E-38	132.1	0	6.3E-38	130.9	0	1.7	1	0	0	1	1	1	1	VasX
WP_129215625.1	IS701-like element ISXo15 family transposase [Xanthomonas oryzae]	OTHER	1	0	0	0	0	0	NA	100	439	0	0	1	439	1	439	0	903	DDE_5	PF13546.13	-	5.2E-84	282.6	9.8	8.8E-84	281.8	9.8	1.4	1	0	0	1	1	1	1	DDE
WP_129215627.1	IS5-like element ISXoo5 family transposase [Xanthomonas oryzae]	OTHER	1	0.000001	0	0	0	0	NA	100	491	0	0	1	491	1	491	0	1000	DUF772	PF05598.17	-	1.6E-13	51.6	0	0.0000000026	38	0	2.6	1	1	0	2	2	2	2	Transposase
WP_129215629.1	T6SS effector BTH_I2691 family protein [Xanthomonas oryzae]	OTHER	1	0.000001	0	0	0	0	NA	100	780	0	0	1	780	1	780	0	1594	NA	NA	NA	NA	NA	NA	NA	NA	NA	NA	NA	NA	NA	NA	NA	NA	NA	NA
WP_129215631.1	nucleic acid/nucleotide deaminase domain-containing protein [Xanthomonas oryzae]	OTHER	1	0	0	0	0	0	NA	100	86	0	0	1	86	1	86	6.6E-63	179	XOO_2897-deam	PF14440.13	-	1.1E-15	58.2	0	1.2E-15	58	0	1	1	0	0	1	1	1	1	Xanthomonas
WP_129215632.1	RHS repeat-associated core domain-containing protein [Xanthomonas oryzae]	OTHER	1	0.000003	0	0	0	0	NA	100	1428	0	0	1	1428	1	1428	0	2918	RHS_repeat	PF05593.20	-	5.8E-74	243.8	84.1	9E-11	42.5	1.4	16.4	16	2	0	17	17	17	13	RHS
WP_129215635.1	IS630 family transposase [Xanthomonas oryzae]	OTHER	1	0	0	0	0	0	NA	100	351	0	0	1	351	1	351	0	709	DDE_3	PF13358.13	-	6.1E-33	114.3	0	8.8E-33	113.8	0	1.2	1	0	0	1	1	1	1	DDE
WP_129215641.1	IS1595-like element ISXo5 family transposase [Xanthomonas oryzae]	OTHER	1	0	0	0	0	0	NA	100	321	0	0	1	321	1	321	0	666	DDE_Tnp_IS1595	PF12762.14	-	4E-34	118.3	0	5.9E-34	117.8	0	1.3	1	0	0	1	1	1	1	ISXO2-like
WP_129215642.1	IS4 family transposase [Xanthomonas oryzae]	OTHER	1	0	0	0	0	0	NA	100	389	0	0	1	389	1	389	0	776	DDE_Tnp_1	PF01609.28	-	1.1E-22	81.3	0	1.8E-22	80.7	0	1.3	1	0	0	1	1	1	1	Transposase
WP_129215644.1	IS701-like element ISXo15 family transposase [Xanthomonas oryzae]	OTHER	1	0	0	0	0	0	NA	100	439	0	0	1	439	1	439	0	904	DDE_5	PF13546.13	-	1.1E-84	284.9	10.5	1.7E-84	284.2	10.5	1.3	1	0	0	1	1	1	1	DDE
WP_129215645.1	IS1595-like element ISXo5 family transposase [Xanthomonas oryzae]	OTHER	1	0	0	0	0	0	NA	100	321	0	0	1	321	1	321	0	669	DDE_Tnp_IS1595	PF12762.14	-	5.2E-36	124.5	0	7.5E-36	123.9	0	1.2	1	0	0	1	1	1	1	ISXO2-like
WP_129215646.1	IS701-like element ISXo15 family transposase [Xanthomonas oryzae]	OTHER	1	0	0	0	0	0	NA	100	439	0	0	1	439	1	439	0	904	DDE_5	PF13546.13	-	4.9E-84	282.7	10.1	8.2E-84	281.9	10.1	1.4	1	0	0	1	1	1	1	DDE
WP_129215648.1	IS5 family transposase [Xanthomonas oryzae]	OTHER	1	0	0	0	0	0	NA	100	266	0	0	1	266	1	266	0	550	DDE_Tnp_1	PF01609.28	-	3.5E-31	109.1	0.1	5.5E-31	108.5	0.1	1.3	1	0	0	1	1	1	1	Transposase
WP_129215649.1	IS701-like element ISXo15 family transposase [Xanthomonas oryzae]	OTHER	1	0	0	0	0	0	NA	100	439	0	0	1	439	1	439	0	904	DDE_5	PF13546.13	-	5.5E-85	285.8	9.8	9.6E-85	285	9.8	1.4	1	0	0	1	1	1	1	DDE
WP_129215650.1	IS701-like element ISXo15 family transposase [Xanthomonas oryzae]	OTHER	1	0	0	0	0	0	NA	100	439	0	0	1	439	1	439	0	903	DDE_5	PF13546.13	-	1E-84	284.9	10.2	1.8E-84	284.1	10.2	1.4	1	0	0	1	1	1	1	DDE
WP_129215651.1	IS30-like element IS1112a family transposase [Xanthomonas oryzae]	OTHER	1	0	0	0	0	0	NA	100	318	0	0	1	318	1	318	0	652	HTH_38	PF13936.13	-	8.8E-16	58	6.2	2.8E-15	56.3	1.9	2.6	2	0	0	2	2	2	1	Helix-turn-helix
WP_129215652.1	hypothetical protein [Xanthomonas oryzae]	LIPO	0	0.000001	1	0	0	0	CS pos: 11-12. Pr: 0.9969	100	131	0	0	1	131	1	131	1.99E-98	272	NA	NA	NA	NA	NA	NA	NA	NA	NA	NA	NA	NA	NA	NA	NA	NA	NA	NA
WP_129215653.1	filamentous hemagglutinin [Xanthomonas oryzae]	OTHER	1	0.000002	0	0	0	0	NA	100	186	0	0	1	186	1	186	7.92E-142	387	NA	NA	NA	NA	NA	NA	NA	NA	NA	NA	NA	NA	NA	NA	NA	NA	NA	NA
WP_129215654.1	hypothetical protein [Xanthomonas oryzae]	LIPO	0	0.000001	1	0	0	0	CS pos: 19-20. Pr: 0.9964	100	137	0	0	1	137	1	137	1.47E-103	286	NA	NA	NA	NA	NA	NA	NA	NA	NA	NA	NA	NA	NA	NA	NA	NA	NA	NA
WP_129215655.1	hypothetical protein [Xanthomonas oryzae]	OTHER	1	0	0	0	0	0	NA	100	73	0	0	1	73	1	73	4.45E-52	150	NA	NA	NA	NA	NA	NA	NA	NA	NA	NA	NA	NA	NA	NA	NA	NA	NA	NA
WP_129215656.1	IS1595-like element ISXo5 family transposase [Xanthomonas oryzae]	OTHER	1	0	0	0	0	0	NA	100	321	0	0	1	321	1	321	0	668	DDE_Tnp_IS1595	PF12762.14	-	2.6E-36	125.5	0	3.7E-36	125	0	1.2	1	0	0	1	1	1	1	ISXO2-like
WP_129215657.1	IS1595-like element ISXo5 family transposase [Xanthomonas oryzae]	OTHER	1	0	0	0	0	0	NA	100	321	0	0	1	321	1	321	0	668	DDE_Tnp_IS1595	PF12762.14	-	2.8E-36	125.4	0	4E-36	124.8	0	1.2	1	0	0	1	1	1	1	ISXO2-like
WP_129215658.1	IS701-like element ISXo15 family transposase [Xanthomonas oryzae]	OTHER	1	0	0	0	0	0	NA	100	439	0	0	1	439	1	439	0	905	DDE_5	PF13546.13	-	1.6E-84	284.3	9.9	2.5E-84	283.6	9.9	1.3	1	0	0	1	1	1	1	DDE
WP_129215660.1	IS30 family transposase [Xanthomonas oryzae]	OTHER	1	0	0	0	0	0	NA	100	307	0	0	1	307	1	307	0	627	HTH_38	PF13936.13	-	2.4E-12	47	3	5.2E-11	42.7	0.1	2.7	2	0	0	2	2	2	1	Helix-turn-helix
WP_129215666.1	IS256-like element IS1113 family transposase [Xanthomonas oryzae]	OTHER	1	0	0	0	0	0	NA	100	394	0	0	1	394	1	394	0	812	Transposase_mut	PF00872.25	-	1.1E-109	367.4	0.4	1.4E-109	367.1	0.4	1	1	0	0	1	1	1	1	Transposase,
WP_129215667.1	IS5 family transposase [Xanthomonas oryzae]	OTHER	1	0.000001	0	0	0	0	NA	100	458	0	0	1	458	1	458	0	927	DUF772	PF05598.17	-	4.8E-19	69.3	0	9.7E-19	68.3	0	1.5	1	0	0	1	1	1	1	Transposase
WP_129215671.1	T6SS effector BTH_I2691 family protein [Xanthomonas oryzae]	OTHER	0.999843	0.000145	0.000021	0.000001	0	0.000008	NA	100	944	0	0	1	944	1	944	0	1954	VasX_N	PF20249.4	-	7E-39	134	0	1.5E-38	132.9	0	1.6	1	0	0	1	1	1	1	VasX
WP_129215673.1	IS630 family transposase [Xanthomonas oryzae]	OTHER	1	0	0	0	0	0	NA	100	352	0	0	1	352	1	352	0	710	DDE_3	PF13358.13	-	8.5E-33	113.8	0	1.2E-32	113.3	0	1.2	1	0	0	1	1	1	1	DDE
WP_129215674.1	IS5 family transposase [Xanthomonas oryzae]	OTHER	1	0	0	0	0	0	NA	100	458	0	0	1	458	1	458	0	931	DUF772	PF05598.17	-	2.8E-19	70	0	5.3E-19	69.1	0	1.5	1	0	0	1	1	1	1	Transposase
WP_153296782.1	hypothetical protein [Xanthomonas oryzae]	OTHER	0.999999	0.000001	0.000002	0	0	0	NA	100	45	0	0	1	45	1	45	6.37E-29	90.5	NA	NA	NA	NA	NA	NA	NA	NA	NA	NA	NA	NA	NA	NA	NA	NA	NA	NA
WP_154215195.1	nucleic acid/nucleotide deaminase domain-containing protein [Xanthomonas oryzae]	OTHER	0.999608	0.000392	0.000022	0.000001	0.000001	0.000003	NA	100	208	0	0	1	208	1	208	2.59E-159	432	XOO_2897-deam	PF14440.13	-	1.2E-22	80.5	0	1.8E-22	79.9	0	1.3	1	0	0	1	1	1	1	Xanthomonas
WP_154215197.1	hypothetical protein [Xanthomonas oryzae]	OTHER	1	0	0	0	0	0	NA	100	282	0	0	1	282	1	282	0	589	NA	NA	NA	NA	NA	NA	NA	NA	NA	NA	NA	NA	NA	NA	NA	NA	NA	NA
WP_158645226.1	hypothetical protein [Xanthomonas oryzae]	OTHER	1	0	0	0	0	0	NA	100	65	0	0	1	65	1	65	1.27E-46	136	NA	NA	NA	NA	NA	NA	NA	NA	NA	NA	NA	NA	NA	NA	NA	NA	NA	NA
WP_162866900.1	hypothetical protein [Xanthomonas oryzae]	OTHER	1	0	0	0	0	0	NA	100	58	0	0	1	58	1	58	2.85E-38	115	NA	NA	NA	NA	NA	NA	NA	NA	NA	NA	NA	NA	NA	NA	NA	NA	NA	NA
WP_181679655.1	hypothetical protein [Xanthomonas oryzae]	OTHER	1	0	0	0	0	0	NA	100	65	0	0	1	65	1	65	1.83E-46	136	NA	NA	NA	NA	NA	NA	NA	NA	NA	NA	NA	NA	NA	NA	NA	NA	NA	NA
WP_206737953.1	type VI secretion system Vgr family protein [Xanthomonas oryzae]	OTHER	1	0	0	0	0	0	NA	100	940	0	0	1	940	1	940	0	1865	Phage_GPD	PF05954.18	-	2E-66	224.8	2.4	4.1E-66	223.8	2.4	1.5	1	0	0	1	1	1	1	Phage
WP_207209305.1	DUF6708 domain-containing protein [Xanthomonas oryzae]	OTHER	0.999916	0.000074	0.000001	0	0	0.000004	NA	100	341	0	0	1	341	1	341	0	701	DUF6708	PF20455.4	-	1.5E-19	71.2	3.6	1.5E-18	67.9	3.6	2.1	1	1	0	1	1	1	1	Family
WP_224229837.1	PAAR domain-containing protein [Xanthomonas oryzae]	OTHER	1	0.000001	0	0	0	0	NA	100	59	0	0	1	59	1	59	7.61E-40	119	PAAR_motif	PF05488.19	-	3.6E-11	43.6	0.7	4.2E-11	43.4	0.7	1	1	0	0	1	1	1	1	PAAR
WP_228329689.1	PAAR domain-containing protein [Xanthomonas oryzae]	OTHER	1	0.000002	0	0	0	0	NA	100	59	0	0	1	59	1	59	1.01E-39	119	PAAR_motif	PF05488.19	-	9.2E-10	39.1	0.6	0.0000000011	38.9	0.6	1.1	1	0	0	1	1	1	1	PAAR
WP_229001923.1	DUF4276 family protein [Xanthomonas oryzae]	OTHER	0.999996	0.000021	0.000001	0	0	0	NA	100	169	0	0	1	169	1	169	2.12E-126	346	DUF4276	PF14103.12	-	0.0000000048	37.3	0	0.000000011	36.1	0	1.6	1	1	0	1	1	1	1	Domain
WP_229002594.1	RHS repeat domain-containing protein [Xanthomonas oryzae]	OTHER	1	0	0	0	0	0	NA	100	1156	0	0	1	1156	1	1156	0	2342	RHS_repeat	PF05593.20	-	1E-59	198.5	113.5	0.0000007	30.1	1.5	19.8	13	3	9	22	22	22	19	RHS
WP_229002596.1	hypothetical protein [Xanthomonas oryzae]	OTHER	1	0.000004	0	0	0	0	NA	100	143	0	0	1	143	1	143	9.93E-105	289	NA	NA	NA	NA	NA	NA	NA	NA	NA	NA	NA	NA	NA	NA	NA	NA	NA	NA
WP_229002661.1	hypothetical protein [Xanthomonas oryzae]	OTHER	1	0	0	0	0	0	NA	100	118	0	0	1	118	1	118	1.48E-87	244	NA	NA	NA	NA	NA	NA	NA	NA	NA	NA	NA	NA	NA	NA	NA	NA	NA	NA
WP_229002664.1	cytochrome-c peroxidase [Xanthomonas oryzae]	SP	0.000337	0.999025	0.000157	0.000158	0.000142	0.000144	CS pos: 15-16. Pr: 0.9429	100	338	0	0	1	338	1	338	0	701	CCP_MauG	PF03150.20	-	3.3E-44	151.7	1.3	5.8E-39	134.7	0	2.6	2	1	0	2	2	2	2	Di-haem
WP_229002670.1	MULTISPECIES: PAAR domain-containing protein [Xanthomonas]	OTHER	0.999537	0.000464	0.000019	0.000001	0	0.000001	NA	100	93	0	0	1	93	1	93	8.77E-67	189	PAAR_motif	PF05488.19	-	0.0000035	27.6	1.1	0.0000037	27.6	0.1	1.6	2	0	0	2	2	2	1	PAAR
WP_229002792.1	type VI secretion system tip protein VgrG [Xanthomonas oryzae]	OTHER	0.997757	0.002231	0.00004	0.000004	0.000002	0.000005	NA	100	461	0	0	1	461	1	461	0	905	DUF2345	PF10106.15	-	2.6E-49	167.5	5.7	2.6E-49	167.5	5.7	2	2	0	0	2	2	2	1	Uncharacterized
WP_230455220.1	hypothetical protein [Xanthomonas oryzae]	OTHER	0.99981	0.000043	0.000145	0	0	0.000004	NA	100	48	0	0	1	48	1	48	1.06E-31	97.8	NA	NA	NA	NA	NA	NA	NA	NA	NA	NA	NA	NA	NA	NA	NA	NA	NA	NA
WP_230455427.1	hypothetical protein [Xanthomonas oryzae]	OTHER	1	0.000001	0	0	0	0	NA	100	96	0	0	1	96	1	96	4.83E-68	193	NA	NA	NA	NA	NA	NA	NA	NA	NA	NA	NA	NA	NA	NA	NA	NA	NA	NA
WP_230455573.1	transposase [Xanthomonas oryzae]	OTHER	1	0	0	0	0	0	NA	100	118	0	0	1	118	1	118	4.89E-88	245	DUF4096	PF13340.12	-	1.2E-20	74.2	1.8	1.6E-20	73.7	1.3	1.4	1	1	0	1	1	1	1	Putative
WP_235428178.1	DUF4276 family protein [Xanthomonas oryzae]	OTHER	1	0	0	0	0	0	NA	100	182	0	0	1	182	1	182	2.78E-134	367	DUF4276	PF14103.12	-	1E-10	42.8	0	1.1E-10	42.6	0	1.1	1	0	0	1	1	1	1	Domain
WP_242505180.1	RHS repeat-associated core domain-containing protein [Xanthomonas oryzae]	SP	0.012564	0.70818	0.030636	0.240957	0.007229	0.000415	CS pos: 32-33. Pr: 0.6780	100	1760	0	0	1	1760	1	1760	0	3564	RHS_repeat	PF05593.20	-	3.4E-55	184	117.1	0.0000011	29.4	1.5	20	13	3	9	22	22	22	17	RHS
WP_242505189.1	type VI secretion system Vgr family protein [Xanthomonas oryzae]	OTHER	1	0	0	0	0	0	NA	100	991	0	0	1	991	1	991	0	1974	Phage_GPD	PF05954.18	-	1.3E-66	225.4	2.5	2.5E-66	224.5	2.5	1.5	1	0	0	1	1	1	1	Phage
WP_242505191.1	type VI secretion system Vgr family protein [Xanthomonas oryzae]	OTHER	0.999712	0.000317	0.000006	0.000001	0	0.000001	NA	100	737	0	0	1	737	1	737	0	1486	DUF2345	PF10106.15	-	3.4E-47	160.7	4.3	3.4E-47	160.7	4.3	2.9	3	0	0	3	3	3	1	Uncharacterized
WP_242505195.1	type VI secretion system Vgr family protein [Xanthomonas oryzae]	OTHER	1	0	0	0	0	0	NA	100	499	0	0	1	499	1	499	0	1017	Phage_GPD	PF05954.18	-	1E-67	229	4.2	1.4E-67	228.6	4.2	1.1	1	0	0	1	1	1	1	Phage
WP_242505196.1	DUF2345 domain-containing protein [Xanthomonas oryzae]	OTHER	1	0	0	0	0	0	NA	100	412	0	0	1	412	1	412	0	820	DUF2345	PF10106.15	-	6.7E-40	137	11.5	6.7E-40	137	11.5	2.1	2	0	0	2	2	2	1	Uncharacterized
WP_242505199.1	phospholipase effector Tle1 domain-containing protein [Xanthomonas oryzae]	OTHER	1	0	0	0	0	0	NA	100	322	0	0	1	322	1	322	0	664	T6SS_Tle1-like_cat	PF09994.15	-	3.2E-15	56.8	0	0.00000091	29.1	0	3.2	3	0	0	3	3	3	3	T6SS,
WP_242505200.1	DUF3304 domain-containing protein [Xanthomonas oryzae]	LIPO	0.000993	0.027284	0.971575	0.000135	0.000034	0.00001	CS pos: 33-34. Pr: 0.9938	100	196	0	0	1	196	1	196	6.86E-148	403	DUF3304	PF11745.14	-	1.7E-21	77	0	2.4E-21	76.6	0	1.2	1	0	0	1	1	1	1	Protein
WP_242505202.1	type VI secretion system Vgr family protein [Xanthomonas oryzae]	OTHER	1	0.000029	0.000001	0	0	0	NA	100	587	0	0	1	587	1	587	0	1150	DUF2345	PF10106.15	-	1.9E-29	103.1	6	1.9E-29	103.1	6	2.9	3	0	0	3	3	3	1	Uncharacterized
WP_242505203.1	DUF4123 domain-containing protein [Xanthomonas oryzae]	OTHER	1	0	0	0	0	0	NA	100	281	0	0	1	281	1	281	0	563	NA	NA	NA	NA	NA	NA	NA	NA	NA	NA	NA	NA	NA	NA	NA	NA	NA	NA
WP_242505206.1	IS701-like element ISXo15 family transposase [Xanthomonas oryzae]	OTHER	1	0	0	0	0	0	NA	100	459	0	0	1	459	1	459	0	944	DDE_5	PF13546.13	-	8.3E-85	285.2	10	1.4E-84	284.4	10	1.4	1	0	0	1	1	1	1	DDE
WP_242505211.1	IS701-like element ISXo15 family transposase [Xanthomonas oryzae]	OTHER	1	0.000002	0	0	0	0	NA	99.761	419	1	0	1	419	21	439	0	863	DDE_5	PF13546.13	-	3.9E-84	283	9.7	6.1E-84	282.4	9.7	1.3	1	0	0	1	1	1	1	DDE
WP_242505214.1	transposase [Xanthomonas oryzae]	OTHER	1	0	0	0	0	0	NA	100	293	0	0	1	293	1	293	0	600	DUF772	PF05598.17	-	4.7E-13	50.1	0	8.5E-13	49.2	0	1.5	1	0	0	1	1	1	1	Transposase
WP_258535338.1	hypothetical protein [Xanthomonas oryzae]	OTHER	0.99988	0.000005	0.000099	0.000002	0	0.000017	NA	100	40	0	0	1	40	1	40	1.15E-26	84.7	NA	NA	NA	NA	NA	NA	NA	NA	NA	NA	NA	NA	NA	NA	NA	NA	NA	NA
WP_277984846.1	hypothetical protein [Xanthomonas oryzae]	SP	0.445553	0.553153	0.000593	0.000254	0.000218	0.000232	CS pos: 21-22. Pr: 0.4374	100	135	0	0	1	135	1	135	4.54E-98	272	NA	NA	NA	NA	NA	NA	NA	NA	NA	NA	NA	NA	NA	NA	NA	NA	NA	NA
WP_282208841.1	DUF6708 domain-containing protein [Xanthomonas oryzae]	OTHER	1	0	0	0	0	0	NA	100	279	0	0	1	279	1	279	0	575	DUF6708	PF20455.4	-	1E-20	75	1.5	1.4E-19	71.3	1.5	2	1	1	0	1	1	1	1	Family
WP_340638649.1	DUF6714 family protein [Xanthomonas oryzae]	OTHER	1	0	0	0	0	0	NA	100	162	0	0	1	162	1	162	1.45E-117	323	DUF6714	PF20461.4	-	0.0000024	28.2	0.8	0.0000029	28	0.1	1.5	2	0	0	2	2	2	1	Family
WP_370528275.1	putative type VI secretion system effector [Xanthomonas oryzae]	OTHER	0.999948	0.000087	0	0	0	0	NA	100	244	0	0	1	244	1	244	0	499	NA	NA	NA	NA	NA	NA	NA	NA	NA	NA	NA	NA	NA	NA	NA	NA	NA	NA
WP_370528307.1	IS5 family transposase [Xanthomonas oryzae]	OTHER	1	0	0	0	0	0	NA	100	249	0	0	1	249	1	249	0	514	DDE_Tnp_1	PF01609.28	-	7E-31	108.1	0.1	9.2E-31	107.7	0.1	1.2	1	0	0	1	1	1	1	Transposase
WP_372469676.1	DUF6714 family protein [Xanthomonas oryzae]	OTHER	1	0.000003	0	0	0	0	NA	100	195	0	0	1	195	1	195	1.18E-143	392	DUF6714	PF20461.4	-	0.0000022	28.3	0.1	0.0000041	27.5	0.1	1.4	1	0	0	1	1	1	1	Family
WP_372469755.1	putative type VI secretion system effector [Xanthomonas oryzae]	OTHER	0.999708	0.000287	0.000004	0.000001	0	0.000001	NA	100	247	0	0	1	247	1	247	0	504	NA	NA	NA	NA	NA	NA	NA	NA	NA	NA	NA	NA	NA	NA	NA	NA	NA	NA
WP_425512733.1	IS630 family transposase [Xanthomonas oryzae]	OTHER	1	0	0	0	0	0	NA	100	343	0	0	1	343	1	343	0	693	DDE_3	PF13358.13	-	1.5E-30	106.5	0	2.2E-30	106	0	1.2	1	0	0	1	1	1	1	DDE
